run_id,feature,model,record_id,sequence,length,label,branch,p02a_hard_fold,p02a_cluster_id,y_true,y_pred,score,score_type,threshold,error_type
AAC_R02A_CORE_ONLY_LR_L2_F1,AAC_reference,LR_L2,NEGR01_0016,YQEPVLGPVRGPFPIIV,17,0,negative_core,1,P02ACL_0001,0,0,0.4674124181479957,prob_positive,0.5,TN
AAC_R02A_CORE_ONLY_LR_L2_F1,AAC_reference,LR_L2,NEGR01_0017,QEPVL,5,0,negative_core,1,P02ACL_0001,0,0,0.4802424523077743,prob_positive,0.5,TN
AAC_R02A_CORE_ONLY_LR_L2_F1,AAC_reference,LR_L2,NEGR01_0019,DMPIQAFLLYQEPVLGPVR,19,0,negative_core,1,P02ACL_0001,0,0,0.4930580768262256,prob_positive,0.5,TN
AAC_R02A_CORE_ONLY_LR_L2_F1,AAC_reference,LR_L2,NEGR01_0023,LYQEPVLGPVRGPFPIIV,18,0,negative_core,1,P02ACL_0001,0,0,0.46180158566526436,prob_positive,0.5,TN
AAC_R02A_CORE_ONLY_LR_L2_F1,AAC_reference,LR_L2,NEGR01_0026,LYQEPVLGPVR,11,0,negative_core,1,P02ACL_0001,0,0,0.4740957324228184,prob_positive,0.5,TN
AAC_R02A_CORE_ONLY_LR_L2_F1,AAC_reference,LR_L2,POSR01_0567,GPVRGPFPII,10,1,positive_core,1,P02ACL_0001,1,0,0.4631286056021976,prob_positive,0.5,FN
AAC_R02A_CORE_ONLY_LR_L2_F1,AAC_reference,LR_L2,NEGR01_0014,GTWY,4,0,negative_core,1,P02ACL_0011,0,1,0.573665524989839,prob_positive,0.5,FP
AAC_R02A_CORE_ONLY_LR_L2_F1,AAC_reference,LR_L2,NEGR01_0022,NPWDQ,5,0,negative_core,1,P02ACL_0015,0,0,0.4841017042999964,prob_positive,0.5,TN
AAC_R02A_CORE_ONLY_LR_L2_F1,AAC_reference,LR_L2,POSR01_0099,YLKT,4,1,positive_core,1,P02ACL_0023,1,0,0.44098085834065526,prob_positive,0.5,FN
AAC_R02A_CORE_ONLY_LR_L2_F1,AAC_reference,LR_L2,POSR01_0750,ALPQYLKTVYQHQK,14,1,positive_core,1,P02ACL_0023,1,0,0.48999287438525985,prob_positive,0.5,FN
AAC_R02A_CORE_ONLY_LR_L2_F1,AAC_reference,LR_L2,POSR01_0751,AMRLTGNRPCIGAT,14,1,positive_core,1,P02ACL_0026,1,1,0.5898686365353156,prob_positive,0.5,TP
AAC_R02A_CORE_ONLY_LR_L2_F1,AAC_reference,LR_L2,POSR01_0752,AMRLTGNRPCLYAT,14,1,positive_core,1,P02ACL_0026,1,1,0.5577217300785718,prob_positive,0.5,TP
AAC_R02A_CORE_ONLY_LR_L2_F1,AAC_reference,LR_L2,POSR01_0021,FFGT,4,1,positive_core,1,P02ACL_0031,1,1,0.6515373596343919,prob_positive,0.5,TP
AAC_R02A_CORE_ONLY_LR_L2_F1,AAC_reference,LR_L2,POSR01_0040,HYEG,4,1,positive_core,1,P02ACL_0035,1,1,0.6355902050243609,prob_positive,0.5,TP
AAC_R02A_CORE_ONLY_LR_L2_F1,AAC_reference,LR_L2,POSR01_0061,PLMW,4,1,positive_core,1,P02ACL_0039,1,0,0.4333782309390514,prob_positive,0.5,FN
AAC_R02A_CORE_ONLY_LR_L2_F1,AAC_reference,LR_L2,POSR01_0084,VVKL,4,1,positive_core,1,P02ACL_0043,1,0,0.4722706168290269,prob_positive,0.5,FN
AAC_R02A_CORE_ONLY_LR_L2_F1,AAC_reference,LR_L2,POSR01_0092,YAVT,4,1,positive_core,1,P02ACL_0047,1,1,0.5739569247974525,prob_positive,0.5,TP
AAC_R02A_CORE_ONLY_LR_L2_F1,AAC_reference,LR_L2,POSR01_0126,FDEQE,5,1,positive_core,1,P02ACL_0051,1,1,0.655486129590274,prob_positive,0.5,TP
AAC_R02A_CORE_ONLY_LR_L2_F1,AAC_reference,LR_L2,POSR01_0139,GSGGL,5,1,positive_core,1,P02ACL_0055,1,1,0.6561548731976649,prob_positive,0.5,TP
AAC_R02A_CORE_ONLY_LR_L2_F1,AAC_reference,LR_L2,POSR01_0148,IIAEK,5,1,positive_core,1,P02ACL_0059,1,1,0.5843589492850311,prob_positive,0.5,TP
AAC_R02A_CORE_ONLY_LR_L2_F1,AAC_reference,LR_L2,POSR01_0167,LSRVP,5,1,positive_core,1,P02ACL_0063,1,0,0.47077884325704294,prob_positive,0.5,FN
AAC_R02A_CORE_ONLY_LR_L2_F1,AAC_reference,LR_L2,POSR01_0210,VIEPR,5,1,positive_core,1,P02ACL_0067,1,1,0.5070593673015162,prob_positive,0.5,TP
AAC_R02A_CORE_ONLY_LR_L2_F1,AAC_reference,LR_L2,POSR01_0257,FDGEVK,6,1,positive_core,1,P02ACL_0071,1,1,0.611374836302434,prob_positive,0.5,TP
AAC_R02A_CORE_ONLY_LR_L2_F1,AAC_reference,LR_L2,POSR01_0277,IDDVLK,6,1,positive_core,1,P02ACL_0075,1,0,0.4711957548609452,prob_positive,0.5,FN
AAC_R02A_CORE_ONLY_LR_L2_F1,AAC_reference,LR_L2,POSR01_0323,TNGIIR,6,1,positive_core,1,P02ACL_0079,1,1,0.5756473367849011,prob_positive,0.5,TP
AAC_R02A_CORE_ONLY_LR_L2_F1,AAC_reference,LR_L2,POSR01_0396,SSGFTMQ,7,1,positive_core,1,P02ACL_0083,1,1,0.6466830762443787,prob_positive,0.5,TP
AAC_R02A_CORE_ONLY_LR_L2_F1,AAC_reference,LR_L2,POSR01_0431,CCCCSVQK,8,1,positive_core,1,P02ACL_0087,1,1,0.5415129458626533,prob_positive,0.5,TP
AAC_R02A_CORE_ONLY_LR_L2_F1,AAC_reference,LR_L2,POSR01_0455,MLKMLPFK,8,1,positive_core,1,P02ACL_0091,1,0,0.46182516380373134,prob_positive,0.5,FN
AAC_R02A_CORE_ONLY_LR_L2_F1,AAC_reference,LR_L2,POSR01_0475,TEAPLNPK,8,1,positive_core,1,P02ACL_0095,1,0,0.47826443020220527,prob_positive,0.5,FN
AAC_R02A_CORE_ONLY_LR_L2_F1,AAC_reference,LR_L2,POSR01_0518,LLRSVGVPL,9,1,positive_core,1,P02ACL_0099,1,0,0.4865937663159037,prob_positive,0.5,FN
AAC_R02A_CORE_ONLY_LR_L2_F1,AAC_reference,LR_L2,POSR01_0533,VLDTGLAGA,9,1,positive_core,1,P02ACL_0103,1,1,0.6086156514258754,prob_positive,0.5,TP
AAC_R02A_CORE_ONLY_LR_L2_F1,AAC_reference,LR_L2,POSR01_0560,DVCGRDVNGY,10,1,positive_core,1,P02ACL_0107,1,1,0.5745376830609761,prob_positive,0.5,TP
AAC_R02A_CORE_ONLY_LR_L2_F1,AAC_reference,LR_L2,POSR01_0589,RHPHPHLSFM,10,1,positive_core,1,P02ACL_0111,1,1,0.5187458927281631,prob_positive,0.5,TP
AAC_R02A_CORE_ONLY_LR_L2_F1,AAC_reference,LR_L2,POSR01_0603,WVRQAPGKGL,10,1,positive_core,1,P02ACL_0115,1,1,0.5634715307286409,prob_positive,0.5,TP
AAC_R02A_CORE_ONLY_LR_L2_F1,AAC_reference,LR_L2,POSR01_0657,YIQKEDVPSER,11,1,positive_core,1,P02ACL_0119,1,1,0.5375261813912887,prob_positive,0.5,TP
AAC_R02A_CORE_ONLY_LR_L2_F1,AAC_reference,LR_L2,POSR01_0677,FSDIPNPIGSEN,12,1,positive_core,1,P02ACL_0123,1,1,0.5311132539954495,prob_positive,0.5,TP
AAC_R02A_CORE_ONLY_LR_L2_F1,AAC_reference,LR_L2,POSR01_0720,GIWAPWPPRAGLC,13,1,positive_core,1,P02ACL_0127,1,1,0.514825263303745,prob_positive,0.5,TP
AAC_R02A_CORE_ONLY_LR_L2_F1,AAC_reference,LR_L2,POSR01_0769,LVGDEQAVPAVCVP,14,1,positive_core,1,P02ACL_0131,1,1,0.5399483124559591,prob_positive,0.5,TP
AAC_R02A_CORE_ONLY_LR_L2_F1,AAC_reference,LR_L2,POSR01_0800,ESTVPERTHPACPDFN,16,1,positive_core,1,P02ACL_0135,1,1,0.5423990450782841,prob_positive,0.5,TP
AAC_R02A_CORE_ONLY_LR_L2_F1,AAC_reference,LR_L2,POSR01_0814,GFFKWHPRCGEEHSMWT,17,1,positive_core,1,P02ACL_0139,1,1,0.6141615974579018,prob_positive,0.5,TP
AAC_R02A_CORE_ONLY_LR_L2_F1,AAC_reference,LR_L2,POSR01_0836,VSYT,4,1,positive_core,1,P02ACL_0143,1,1,0.5395852314632261,prob_positive,0.5,TP
AAC_R02A_CORE_ONLY_LR_L2_F1,AAC_reference,LR_L2,POSR01_0855,PSLPA,5,1,positive_core,1,P02ACL_0147,1,0,0.42321280913934217,prob_positive,0.5,FN
AAC_R02A_CORE_ONLY_LR_L2_F1,AAC_reference,LR_L2,POSR01_0879,TRTGDPFF,8,1,positive_core,1,P02ACL_0151,1,1,0.5610951152025798,prob_positive,0.5,TP
AAC_R02A_CORE_ONLY_LR_L2_F1,AAC_reference,LR_L2,POSR01_0899,AGTTCLFTPLALPYDYSH,18,1,positive_core,1,P02ACL_0155,1,1,0.5120216355130874,prob_positive,0.5,TP
AAC_R02A_CORE_ONLY_LR_L2_F2,AAC_reference,LR_L2,NEGR01_0002,LKPTPEGDLEIL,12,0,negative_core,2,P02ACL_0002,0,1,0.5340711178787628,prob_positive,0.5,FP
AAC_R02A_CORE_ONLY_LR_L2_F2,AAC_reference,LR_L2,NEGR01_0003,LKPTPEGDLE,10,0,negative_core,2,P02ACL_0002,0,1,0.54041913504003,prob_positive,0.5,FP
AAC_R02A_CORE_ONLY_LR_L2_F2,AAC_reference,LR_L2,NEGR01_0004,LKPTPEGDL,9,0,negative_core,2,P02ACL_0002,0,1,0.5189730508850124,prob_positive,0.5,FP
AAC_R02A_CORE_ONLY_LR_L2_F2,AAC_reference,LR_L2,NEGR01_0001,VLVLDTDYK,9,0,negative_core,2,P02ACL_0005,0,1,0.5081699907999216,prob_positive,0.5,FP
AAC_R02A_CORE_ONLY_LR_L2_F2,AAC_reference,LR_L2,NEGR01_0008,YPSYGLN,7,0,negative_core,2,P02ACL_0009,0,0,0.4559969444540786,prob_positive,0.5,TN
AAC_R02A_CORE_ONLY_LR_L2_F2,AAC_reference,LR_L2,NEGR01_0018,PGPIPN,6,0,negative_core,2,P02ACL_0013,0,0,0.368228933655197,prob_positive,0.5,TN
AAC_R02A_CORE_ONLY_LR_L2_F2,AAC_reference,LR_L2,NEGR01_0028,HQPHQPLPPTVMFPPQ,16,0,negative_core,2,P02ACL_0017,0,0,0.3984139390176075,prob_positive,0.5,TN
AAC_R02A_CORE_ONLY_LR_L2_F2,AAC_reference,LR_L2,POSR01_0101,YPEL,4,1,positive_core,2,P02ACL_0021,1,0,0.39954606705753826,prob_positive,0.5,FN
AAC_R02A_CORE_ONLY_LR_L2_F2,AAC_reference,LR_L2,POSR01_0250,AYFYPE,6,1,positive_core,2,P02ACL_0021,1,0,0.4375758096108439,prob_positive,0.5,FN
AAC_R02A_CORE_ONLY_LR_L2_F2,AAC_reference,LR_L2,POSR01_0356,AYFYPEL,7,1,positive_core,2,P02ACL_0021,1,0,0.451944909872237,prob_positive,0.5,FN
AAC_R02A_CORE_ONLY_LR_L2_F2,AAC_reference,LR_L2,POSR01_0004,ATVY,4,1,positive_core,2,P02ACL_0027,1,1,0.5338881155519937,prob_positive,0.5,TP
AAC_R02A_CORE_ONLY_LR_L2_F2,AAC_reference,LR_L2,POSR01_0010,DDDY,4,1,positive_core,2,P02ACL_0028,1,0,0.49682761130806347,prob_positive,0.5,FN
AAC_R02A_CORE_ONLY_LR_L2_F2,AAC_reference,LR_L2,POSR01_0031,FYKA,4,1,positive_core,2,P02ACL_0032,1,1,0.5209542792544497,prob_positive,0.5,TP
AAC_R02A_CORE_ONLY_LR_L2_F2,AAC_reference,LR_L2,POSR01_0043,IYPF,4,1,positive_core,2,P02ACL_0036,1,0,0.35027734013030326,prob_positive,0.5,FN
AAC_R02A_CORE_ONLY_LR_L2_F2,AAC_reference,LR_L2,POSR01_0064,QAEP,4,1,positive_core,2,P02ACL_0040,1,1,0.506529700900923,prob_positive,0.5,TP
AAC_R02A_CORE_ONLY_LR_L2_F2,AAC_reference,LR_L2,POSR01_0087,WDVK,4,1,positive_core,2,P02ACL_0044,1,0,0.4889287503553375,prob_positive,0.5,FN
AAC_R02A_CORE_ONLY_LR_L2_F2,AAC_reference,LR_L2,POSR01_0104,YPYY,4,1,positive_core,2,P02ACL_0048,1,0,0.2173781182382526,prob_positive,0.5,FN
AAC_R02A_CORE_ONLY_LR_L2_F2,AAC_reference,LR_L2,POSR01_0128,FGERR,5,1,positive_core,2,P02ACL_0052,1,1,0.6714372762320517,prob_positive,0.5,TP
AAC_R02A_CORE_ONLY_LR_L2_F2,AAC_reference,LR_L2,POSR01_0140,GVPFW,5,1,positive_core,2,P02ACL_0056,1,0,0.4672256521738225,prob_positive,0.5,FN
AAC_R02A_CORE_ONLY_LR_L2_F2,AAC_reference,LR_L2,POSR01_0151,IVEYF,5,1,positive_core,2,P02ACL_0060,1,0,0.4847083706279924,prob_positive,0.5,FN
AAC_R02A_CORE_ONLY_LR_L2_F2,AAC_reference,LR_L2,POSR01_0183,PYFNK,5,1,positive_core,2,P02ACL_0064,1,0,0.405994232757337,prob_positive,0.5,FN
AAC_R02A_CORE_ONLY_LR_L2_F2,AAC_reference,LR_L2,POSR01_0220,WEGPK,5,1,positive_core,2,P02ACL_0068,1,1,0.5119867456399035,prob_positive,0.5,TP
AAC_R02A_CORE_ONLY_LR_L2_F2,AAC_reference,LR_L2,POSR01_0258,FDPFPK,6,1,positive_core,2,P02ACL_0072,1,0,0.4245469826875646,prob_positive,0.5,FN
AAC_R02A_CORE_ONLY_LR_L2_F2,AAC_reference,LR_L2,POSR01_0287,LELPLK,6,1,positive_core,2,P02ACL_0076,1,0,0.49748546713012615,prob_positive,0.5,FN
AAC_R02A_CORE_ONLY_LR_L2_F2,AAC_reference,LR_L2,POSR01_0329,VGPWQK,6,1,positive_core,2,P02ACL_0080,1,0,0.4422789915239194,prob_positive,0.5,FN
AAC_R02A_CORE_ONLY_LR_L2_F2,AAC_reference,LR_L2,POSR01_0400,TIIPLPV,7,1,positive_core,2,P02ACL_0084,1,0,0.4112479473527728,prob_positive,0.5,FN
AAC_R02A_CORE_ONLY_LR_L2_F2,AAC_reference,LR_L2,POSR01_0436,EAPLNPKA,8,1,positive_core,2,P02ACL_0088,1,1,0.5206026399798266,prob_positive,0.5,TP
AAC_R02A_CORE_ONLY_LR_L2_F2,AAC_reference,LR_L2,POSR01_0460,PKLPPVKK,8,1,positive_core,2,P02ACL_0092,1,0,0.361925547977808,prob_positive,0.5,FN
AAC_R02A_CORE_ONLY_LR_L2_F2,AAC_reference,LR_L2,POSR01_0477,VAPEEHPV,8,1,positive_core,2,P02ACL_0096,1,1,0.5061097517460766,prob_positive,0.5,TP
AAC_R02A_CORE_ONLY_LR_L2_F2,AAC_reference,LR_L2,POSR01_0520,LQPGQGQQG,9,1,positive_core,2,P02ACL_0100,1,1,0.508514552503271,prob_positive,0.5,TP
AAC_R02A_CORE_ONLY_LR_L2_F2,AAC_reference,LR_L2,POSR01_0544,YGGVSLPEW,9,1,positive_core,2,P02ACL_0104,1,1,0.5278525305930538,prob_positive,0.5,TP
AAC_R02A_CORE_ONLY_LR_L2_F2,AAC_reference,LR_L2,POSR01_0571,KYIPIQYVLS,10,1,positive_core,2,P02ACL_0108,1,0,0.4105465124683235,prob_positive,0.5,FN
AAC_R02A_CORE_ONLY_LR_L2_F2,AAC_reference,LR_L2,POSR01_0591,RQSHFANAQP,10,1,positive_core,2,P02ACL_0112,1,1,0.5775496150173979,prob_positive,0.5,TP
AAC_R02A_CORE_ONLY_LR_L2_F2,AAC_reference,LR_L2,POSR01_0611,YSEEQQPSTR,10,1,positive_core,2,P02ACL_0116,1,1,0.5499821708280922,prob_positive,0.5,TP
AAC_R02A_CORE_ONLY_LR_L2_F2,AAC_reference,LR_L2,POSR01_0662,AADNANELFPPN,12,1,positive_core,2,P02ACL_0120,1,1,0.5665981617441085,prob_positive,0.5,TP
AAC_R02A_CORE_ONLY_LR_L2_F2,AAC_reference,LR_L2,POSR01_0688,KEFLLAGNNNRA,12,1,positive_core,2,P02ACL_0124,1,1,0.6354382020443101,prob_positive,0.5,TP
AAC_R02A_CORE_ONLY_LR_L2_F2,AAC_reference,LR_L2,POSR01_0740,SEALGVSSQVARQ,13,1,positive_core,2,P02ACL_0128,1,1,0.6270046545301793,prob_positive,0.5,TP
AAC_R02A_CORE_ONLY_LR_L2_F2,AAC_reference,LR_L2,POSR01_0780,AGGGGGGGGGGGKNL,15,1,positive_core,2,P02ACL_0132,1,1,0.7134830389867961,prob_positive,0.5,TP
AAC_R02A_CORE_ONLY_LR_L2_F2,AAC_reference,LR_L2,POSR01_0801,GEPGPPGPPGPPGPPG,16,1,positive_core,2,P02ACL_0136,1,0,0.4041540767892571,prob_positive,0.5,FN
AAC_R02A_CORE_ONLY_LR_L2_F2,AAC_reference,LR_L2,POSR01_0823,IWCKDDQNPHSSNISCDKF,19,1,positive_core,2,P02ACL_0140,1,1,0.5601701979753875,prob_positive,0.5,TP
AAC_R02A_CORE_ONLY_LR_L2_F2,AAC_reference,LR_L2,POSR01_0839,EVPKA,5,1,positive_core,2,P02ACL_0144,1,1,0.5133637419400203,prob_positive,0.5,TP
AAC_R02A_CORE_ONLY_LR_L2_F2,AAC_reference,LR_L2,POSR01_0860,LKKISQ,6,1,positive_core,2,P02ACL_0148,1,1,0.5330496153199092,prob_positive,0.5,TP
AAC_R02A_CORE_ONLY_LR_L2_F2,AAC_reference,LR_L2,POSR01_0881,VQVTSTAV,8,1,positive_core,2,P02ACL_0152,1,1,0.5856692303167054,prob_positive,0.5,TP
AAC_R02A_CORE_ONLY_LR_L2_F3,AAC_reference,LR_L2,NEGR01_0005,IPAVFKIDA,9,0,negative_core,3,P02ACL_0003,0,1,0.6634325537756041,prob_positive,0.5,FP
AAC_R02A_CORE_ONLY_LR_L2_F3,AAC_reference,LR_L2,NEGR01_0006,IPAVF,5,0,negative_core,3,P02ACL_0003,0,1,0.6140261162624969,prob_positive,0.5,FP
AAC_R02A_CORE_ONLY_LR_L2_F3,AAC_reference,LR_L2,NEGR01_0024,IPAV,4,0,negative_core,3,P02ACL_0003,0,1,0.5885671879811135,prob_positive,0.5,FP
AAC_R02A_CORE_ONLY_LR_L2_F3,AAC_reference,LR_L2,NEGR01_0021,DQWL,4,0,negative_core,3,P02ACL_0006,0,1,0.5260480464450265,prob_positive,0.5,FP
AAC_R02A_CORE_ONLY_LR_L2_F3,AAC_reference,LR_L2,NEGR01_0025,LDQWLCEK,8,0,negative_core,3,P02ACL_0006,0,1,0.5596304696316554,prob_positive,0.5,FP
AAC_R02A_CORE_ONLY_LR_L2_F3,AAC_reference,LR_L2,NEGR01_0009,YIPIQYVLSR,10,0,negative_core,3,P02ACL_0010,0,1,0.5011984288345068,prob_positive,0.5,FP
AAC_R02A_CORE_ONLY_LR_L2_F3,AAC_reference,LR_L2,NEGR01_0020,KVLPVPQ,7,0,negative_core,3,P02ACL_0014,0,0,0.4283891290615134,prob_positive,0.5,TN
AAC_R02A_CORE_ONLY_LR_L2_F3,AAC_reference,LR_L2,NEGR01_0029,MAIPPKKNQDK,11,0,negative_core,3,P02ACL_0018,0,1,0.5718724637687504,prob_positive,0.5,FP
AAC_R02A_CORE_ONLY_LR_L2_F3,AAC_reference,LR_L2,POSR01_0002,ADHP,4,1,positive_core,3,P02ACL_0022,1,1,0.5690684385430288,prob_positive,0.5,TP
AAC_R02A_CORE_ONLY_LR_L2_F3,AAC_reference,LR_L2,POSR01_0392,RADHPFL,7,1,positive_core,3,P02ACL_0022,1,1,0.5736738838458698,prob_positive,0.5,TP
AAC_R02A_CORE_ONLY_LR_L2_F3,AAC_reference,LR_L2,POSR01_0113,AGWNI,5,1,positive_core,3,P02ACL_0024,1,1,0.6737522761422191,prob_positive,0.5,TP
AAC_R02A_CORE_ONLY_LR_L2_F3,AAC_reference,LR_L2,POSR01_0247,AGWNIP,6,1,positive_core,3,P02ACL_0024,1,1,0.5794226598671847,prob_positive,0.5,TP
AAC_R02A_CORE_ONLY_LR_L2_F3,AAC_reference,LR_L2,POSR01_0011,DHHK,4,1,positive_core,3,P02ACL_0029,1,1,0.6243735233966103,prob_positive,0.5,TP
AAC_R02A_CORE_ONLY_LR_L2_F3,AAC_reference,LR_L2,POSR01_0035,GGRP,4,1,positive_core,3,P02ACL_0033,1,0,0.4768505272407298,prob_positive,0.5,FN
AAC_R02A_CORE_ONLY_LR_L2_F3,AAC_reference,LR_L2,POSR01_0046,LARL,4,1,positive_core,3,P02ACL_0037,1,1,0.5982246676713222,prob_positive,0.5,TP
AAC_R02A_CORE_ONLY_LR_L2_F3,AAC_reference,LR_L2,POSR01_0066,QFAW,4,1,positive_core,3,P02ACL_0041,1,1,0.7008140122491092,prob_positive,0.5,TP
AAC_R02A_CORE_ONLY_LR_L2_F3,AAC_reference,LR_L2,POSR01_0090,WYSL,4,1,positive_core,3,P02ACL_0045,1,0,0.4939668877307692,prob_positive,0.5,FN
AAC_R02A_CORE_ONLY_LR_L2_F3,AAC_reference,LR_L2,POSR01_0110,YVPR,4,1,positive_core,3,P02ACL_0049,1,0,0.403105191483134,prob_positive,0.5,FN
AAC_R02A_CORE_ONLY_LR_L2_F3,AAC_reference,LR_L2,POSR01_0132,FVAGK,5,1,positive_core,3,P02ACL_0053,1,1,0.7051378549762949,prob_positive,0.5,TP
AAC_R02A_CORE_ONLY_LR_L2_F3,AAC_reference,LR_L2,POSR01_0141,GVPLT,5,1,positive_core,3,P02ACL_0057,1,0,0.4495020340630227,prob_positive,0.5,FN
AAC_R02A_CORE_ONLY_LR_L2_F3,AAC_reference,LR_L2,POSR01_0155,KDVPP,5,1,positive_core,3,P02ACL_0061,1,0,0.40279645910029444,prob_positive,0.5,FN
AAC_R02A_CORE_ONLY_LR_L2_F3,AAC_reference,LR_L2,POSR01_0187,QIESW,5,1,positive_core,3,P02ACL_0065,1,1,0.6416528549766751,prob_positive,0.5,TP
AAC_R02A_CORE_ONLY_LR_L2_F3,AAC_reference,LR_L2,POSR01_0230,YGGFL,5,1,positive_core,3,P02ACL_0069,1,1,0.520975743236412,prob_positive,0.5,TP
AAC_R02A_CORE_ONLY_LR_L2_F3,AAC_reference,LR_L2,POSR01_0264,FPWLLS,6,1,positive_core,3,P02ACL_0073,1,0,0.4761011865888769,prob_positive,0.5,FN
AAC_R02A_CORE_ONLY_LR_L2_F3,AAC_reference,LR_L2,POSR01_0306,PPHMLP,6,1,positive_core,3,P02ACL_0077,1,0,0.32622844856524535,prob_positive,0.5,FN
AAC_R02A_CORE_ONLY_LR_L2_F3,AAC_reference,LR_L2,POSR01_0331,VPLSPT,6,1,positive_core,3,P02ACL_0081,1,0,0.4124910036814273,prob_positive,0.5,FN
AAC_R02A_CORE_ONLY_LR_L2_F3,AAC_reference,LR_L2,POSR01_0410,VVALALI,7,1,positive_core,3,P02ACL_0085,1,1,0.6580497145076037,prob_positive,0.5,TP
AAC_R02A_CORE_ONLY_LR_L2_F3,AAC_reference,LR_L2,POSR01_0447,HVRETALV,8,1,positive_core,3,P02ACL_0089,1,1,0.6318178062725122,prob_positive,0.5,TP
AAC_R02A_CORE_ONLY_LR_L2_F3,AAC_reference,LR_L2,POSR01_0464,PSHDAHPE,8,1,positive_core,3,P02ACL_0093,1,1,0.5472047424522191,prob_positive,0.5,TP
AAC_R02A_CORE_ONLY_LR_L2_F3,AAC_reference,LR_L2,POSR01_0481,VKEAMAPK,8,1,positive_core,3,P02ACL_0097,1,1,0.6625721918949131,prob_positive,0.5,TP
AAC_R02A_CORE_ONLY_LR_L2_F3,AAC_reference,LR_L2,POSR01_0524,PFPEVFGKE,9,1,positive_core,3,P02ACL_0101,1,1,0.5306310966959564,prob_positive,0.5,TP
AAC_R02A_CORE_ONLY_LR_L2_F3,AAC_reference,LR_L2,POSR01_0553,AWEEREQGSR,10,1,positive_core,3,P02ACL_0105,1,1,0.6647412536018896,prob_positive,0.5,TP
AAC_R02A_CORE_ONLY_LR_L2_F3,AAC_reference,LR_L2,POSR01_0577,MYVVELMMSF,10,1,positive_core,3,P02ACL_0109,1,1,0.6037141320141428,prob_positive,0.5,TP
AAC_R02A_CORE_ONLY_LR_L2_F3,AAC_reference,LR_L2,POSR01_0593,SDITRPGGNM,10,1,positive_core,3,P02ACL_0113,1,1,0.5776337476490029,prob_positive,0.5,TP
AAC_R02A_CORE_ONLY_LR_L2_F3,AAC_reference,LR_L2,POSR01_0618,EDELQDKIHPF,11,1,positive_core,3,P02ACL_0117,1,1,0.5671217686076963,prob_positive,0.5,TP
AAC_R02A_CORE_ONLY_LR_L2_F3,AAC_reference,LR_L2,POSR01_0664,AGEQGFEYVTFR,12,1,positive_core,3,P02ACL_0121,1,1,0.6351022172844937,prob_positive,0.5,TP
AAC_R02A_CORE_ONLY_LR_L2_F3,AAC_reference,LR_L2,POSR01_0696,NMAVPDALAGPL,12,1,positive_core,3,P02ACL_0125,1,1,0.5780393584482373,prob_positive,0.5,TP
AAC_R02A_CORE_ONLY_LR_L2_F3,AAC_reference,LR_L2,POSR01_0741,SMLGDGTLPPDLA,13,1,positive_core,3,P02ACL_0129,1,1,0.5143094124269465,prob_positive,0.5,TP
AAC_R02A_CORE_ONLY_LR_L2_F3,AAC_reference,LR_L2,POSR01_0781,AIEWEGIESGSVEQA,15,1,positive_core,3,P02ACL_0133,1,1,0.6853078299497404,prob_positive,0.5,TP
AAC_R02A_CORE_ONLY_LR_L2_F3,AAC_reference,LR_L2,POSR01_0804,IHKAGGGGGGGGGGGK,16,1,positive_core,3,P02ACL_0137,1,1,0.6370644594327446,prob_positive,0.5,TP
AAC_R02A_CORE_ONLY_LR_L2_F3,AAC_reference,LR_L2,POSR01_0825,EFIQ,4,1,positive_core,3,P02ACL_0141,1,1,0.6590143219595876,prob_positive,0.5,TP
AAC_R02A_CORE_ONLY_LR_L2_F3,AAC_reference,LR_L2,POSR01_0842,IEEAF,5,1,positive_core,3,P02ACL_0145,1,1,0.7260144517650363,prob_positive,0.5,TP
AAC_R02A_CORE_ONLY_LR_L2_F3,AAC_reference,LR_L2,POSR01_0862,RDILNQ,6,1,positive_core,3,P02ACL_0149,1,1,0.57681328349716,prob_positive,0.5,TP
AAC_R02A_CORE_ONLY_LR_L2_F3,AAC_reference,LR_L2,POSR01_0882,YMVSAIWG,8,1,positive_core,3,P02ACL_0153,1,1,0.6406841743317118,prob_positive,0.5,TP
AAC_R02A_CORE_ONLY_LR_L2_F4,AAC_reference,LR_L2,NEGR01_0010,YPFPG,5,0,negative_core,4,P02ACL_0004,0,0,0.49000285027396634,prob_positive,0.5,TN
AAC_R02A_CORE_ONLY_LR_L2_F4,AAC_reference,LR_L2,NEGR01_0011,YPFPGP,6,0,negative_core,4,P02ACL_0004,0,0,0.4452712942571148,prob_positive,0.5,TN
AAC_R02A_CORE_ONLY_LR_L2_F4,AAC_reference,LR_L2,NEGR01_0012,YPFP,4,0,negative_core,4,P02ACL_0004,0,0,0.4363013270647849,prob_positive,0.5,TN
AAC_R02A_CORE_ONLY_LR_L2_F4,AAC_reference,LR_L2,NEGR01_0013,RYLGYL,6,0,negative_core,4,P02ACL_0007,0,1,0.534679263267992,prob_positive,0.5,FP
AAC_R02A_CORE_ONLY_LR_L2_F4,AAC_reference,LR_L2,POSR01_0098,YLGY,4,1,positive_core,4,P02ACL_0007,1,1,0.5396676892538967,prob_positive,0.5,TP
AAC_R02A_CORE_ONLY_LR_L2_F4,AAC_reference,LR_L2,POSR01_0196,RYLGY,5,1,positive_core,4,P02ACL_0007,1,1,0.5722341090889871,prob_positive,0.5,TP
AAC_R02A_CORE_ONLY_LR_L2_F4,AAC_reference,LR_L2,NEGR01_0007,YLGSRY,6,0,negative_core,4,P02ACL_0008,0,1,0.6053638261653564,prob_positive,0.5,FP
AAC_R02A_CORE_ONLY_LR_L2_F4,AAC_reference,LR_L2,NEGR01_0015,DYKKY,5,0,negative_core,4,P02ACL_0012,0,1,0.5536075745642122,prob_positive,0.5,FP
AAC_R02A_CORE_ONLY_LR_L2_F4,AAC_reference,LR_L2,NEGR01_0027,WMHQPHQPLPPT,12,0,negative_core,4,P02ACL_0016,0,0,0.4134547270336076,prob_positive,0.5,TN
AAC_R02A_CORE_ONLY_LR_L2_F4,AAC_reference,LR_L2,POSR01_0165,LQGMP,5,1,positive_core,4,P02ACL_0025,1,0,0.44482453849597475,prob_positive,0.5,FN
AAC_R02A_CORE_ONLY_LR_L2_F4,AAC_reference,LR_L2,POSR01_0683,GTPGLQGMPGER,12,1,positive_core,4,P02ACL_0025,1,1,0.5412296193695634,prob_positive,0.5,TP
AAC_R02A_CORE_ONLY_LR_L2_F4,AAC_reference,LR_L2,POSR01_0015,DYDD,4,1,positive_core,4,P02ACL_0030,1,0,0.46620642831867054,prob_positive,0.5,FN
AAC_R02A_CORE_ONLY_LR_L2_F4,AAC_reference,LR_L2,POSR01_0036,GTQY,4,1,positive_core,4,P02ACL_0034,1,1,0.5374185379161212,prob_positive,0.5,TP
AAC_R02A_CORE_ONLY_LR_L2_F4,AAC_reference,LR_L2,POSR01_0054,MMGW,4,1,positive_core,4,P02ACL_0038,1,1,0.6079467212383103,prob_positive,0.5,TP
AAC_R02A_CORE_ONLY_LR_L2_F4,AAC_reference,LR_L2,POSR01_0067,QGAR,4,1,positive_core,4,P02ACL_0042,1,1,0.625498887901498,prob_positive,0.5,TP
AAC_R02A_CORE_ONLY_LR_L2_F4,AAC_reference,LR_L2,POSR01_0091,YAKP,4,1,positive_core,4,P02ACL_0046,1,1,0.539384960220358,prob_positive,0.5,TP
AAC_R02A_CORE_ONLY_LR_L2_F4,AAC_reference,LR_L2,POSR01_0114,ALGGA,5,1,positive_core,4,P02ACL_0050,1,1,0.6547535859760601,prob_positive,0.5,TP
AAC_R02A_CORE_ONLY_LR_L2_F4,AAC_reference,LR_L2,POSR01_0136,GDMNP,5,1,positive_core,4,P02ACL_0054,1,1,0.5040444433138461,prob_positive,0.5,TP
AAC_R02A_CORE_ONLY_LR_L2_F4,AAC_reference,LR_L2,POSR01_0146,IDLAY,5,1,positive_core,4,P02ACL_0058,1,0,0.4968721503794083,prob_positive,0.5,FN
AAC_R02A_CORE_ONLY_LR_L2_F4,AAC_reference,LR_L2,POSR01_0163,LPILR,5,1,positive_core,4,P02ACL_0062,1,0,0.3997170907654589,prob_positive,0.5,FN
AAC_R02A_CORE_ONLY_LR_L2_F4,AAC_reference,LR_L2,POSR01_0198,SALAM,5,1,positive_core,4,P02ACL_0066,1,1,0.6523822997484956,prob_positive,0.5,TP
AAC_R02A_CORE_ONLY_LR_L2_F4,AAC_reference,LR_L2,POSR01_0252,DHPFLF,6,1,positive_core,4,P02ACL_0070,1,1,0.5327656024377287,prob_positive,0.5,TP
AAC_R02A_CORE_ONLY_LR_L2_F4,AAC_reference,LR_L2,POSR01_0271,GPAGDY,6,1,positive_core,4,P02ACL_0074,1,1,0.565465027382016,prob_positive,0.5,TP
AAC_R02A_CORE_ONLY_LR_L2_F4,AAC_reference,LR_L2,POSR01_0321,SSGFTY,6,1,positive_core,4,P02ACL_0078,1,1,0.6791330256824843,prob_positive,0.5,TP
AAC_R02A_CORE_ONLY_LR_L2_F4,AAC_reference,LR_L2,POSR01_0377,KVEGDLK,7,1,positive_core,4,P02ACL_0082,1,1,0.5463805215318095,prob_positive,0.5,TP
AAC_R02A_CORE_ONLY_LR_L2_F4,AAC_reference,LR_L2,POSR01_0427,AIRQGDVF,8,1,positive_core,4,P02ACL_0086,1,1,0.564615540468242,prob_positive,0.5,TP
AAC_R02A_CORE_ONLY_LR_L2_F4,AAC_reference,LR_L2,POSR01_0454,MFAEWQPR,8,1,positive_core,4,P02ACL_0090,1,1,0.5692619627902167,prob_positive,0.5,TP
AAC_R02A_CORE_ONLY_LR_L2_F4,AAC_reference,LR_L2,POSR01_0468,RDRHQKIG,8,1,positive_core,4,P02ACL_0094,1,1,0.5706638983392426,prob_positive,0.5,TP
AAC_R02A_CORE_ONLY_LR_L2_F4,AAC_reference,LR_L2,POSR01_0490,YWVTSGPK,8,1,positive_core,4,P02ACL_0098,1,1,0.5453045441714878,prob_positive,0.5,TP
AAC_R02A_CORE_ONLY_LR_L2_F4,AAC_reference,LR_L2,POSR01_0527,SALLRSIPA,9,1,positive_core,4,P02ACL_0102,1,1,0.56526743779111,prob_positive,0.5,TP
AAC_R02A_CORE_ONLY_LR_L2_F4,AAC_reference,LR_L2,POSR01_0559,DRVYIHPFHL,10,1,positive_core,4,P02ACL_0106,1,1,0.5223916194807972,prob_positive,0.5,TP
AAC_R02A_CORE_ONLY_LR_L2_F4,AAC_reference,LR_L2,POSR01_0587,QKPFPQQPPF,10,1,positive_core,4,P02ACL_0110,1,0,0.3997120561824082,prob_positive,0.5,FN
AAC_R02A_CORE_ONLY_LR_L2_F4,AAC_reference,LR_L2,POSR01_0597,TMAEYHHQDQ,10,1,positive_core,4,P02ACL_0114,1,1,0.566355234417267,prob_positive,0.5,TP
AAC_R02A_CORE_ONLY_LR_L2_F4,AAC_reference,LR_L2,POSR01_0653,VVYFDQTQAQA,11,1,positive_core,4,P02ACL_0118,1,1,0.5200811848878453,prob_positive,0.5,TP
AAC_R02A_CORE_ONLY_LR_L2_F4,AAC_reference,LR_L2,POSR01_0666,AQQQEQAQQQEQ,12,1,positive_core,4,P02ACL_0122,1,0,0.4607490933622904,prob_positive,0.5,FN
AAC_R02A_CORE_ONLY_LR_L2_F4,AAC_reference,LR_L2,POSR01_0699,TWYFITPYIPDK,12,1,positive_core,4,P02ACL_0126,1,0,0.47582345034946527,prob_positive,0.5,FN
AAC_R02A_CORE_ONLY_LR_L2_F4,AAC_reference,LR_L2,POSR01_0762,GKHQQEEENEGGSI,14,1,positive_core,4,P02ACL_0130,1,1,0.6028202282206164,prob_positive,0.5,TP
AAC_R02A_CORE_ONLY_LR_L2_F4,AAC_reference,LR_L2,POSR01_0786,GPLGLLGFLGPLGLS,15,1,positive_core,4,P02ACL_0134,1,1,0.5044652287421799,prob_positive,0.5,TP
AAC_R02A_CORE_ONLY_LR_L2_F4,AAC_reference,LR_L2,POSR01_0807,LQSGDALRVPSGTTYY,16,1,positive_core,4,P02ACL_0138,1,1,0.5493243905784452,prob_positive,0.5,TP
AAC_R02A_CORE_ONLY_LR_L2_F4,AAC_reference,LR_L2,POSR01_0827,EFQI,4,1,positive_core,4,P02ACL_0142,1,1,0.5317640804710986,prob_positive,0.5,TP
AAC_R02A_CORE_ONLY_LR_L2_F4,AAC_reference,LR_L2,POSR01_0847,LLNPT,5,1,positive_core,4,P02ACL_0146,1,0,0.40217008579733565,prob_positive,0.5,FN
AAC_R02A_CORE_ONLY_LR_L2_F4,AAC_reference,LR_L2,POSR01_0867,DAQEKLE,7,1,positive_core,4,P02ACL_0150,1,1,0.5478555904552879,prob_positive,0.5,TP
AAC_R02A_CORE_ONLY_LR_L2_F4,AAC_reference,LR_L2,POSR01_0894,VPSIDDQEELM,11,1,positive_core,4,P02ACL_0154,1,0,0.48453436735103,prob_positive,0.5,FN
AAC_R02A_CORE_ONLY_LinearSVM_F1,AAC_reference,LinearSVM,NEGR01_0016,YQEPVLGPVRGPFPIIV,17,0,negative_core,1,P02ACL_0001,0,0,-0.17479428446587508,decision_function,0.0,TN
AAC_R02A_CORE_ONLY_LinearSVM_F1,AAC_reference,LinearSVM,NEGR01_0017,QEPVL,5,0,negative_core,1,P02ACL_0001,0,0,-0.11262317785350134,decision_function,0.0,TN
AAC_R02A_CORE_ONLY_LinearSVM_F1,AAC_reference,LinearSVM,NEGR01_0019,DMPIQAFLLYQEPVLGPVR,19,0,negative_core,1,P02ACL_0001,0,0,-0.06008635788258326,decision_function,0.0,TN
AAC_R02A_CORE_ONLY_LinearSVM_F1,AAC_reference,LinearSVM,NEGR01_0023,LYQEPVLGPVRGPFPIIV,18,0,negative_core,1,P02ACL_0001,0,0,-0.21735402842693086,decision_function,0.0,TN
AAC_R02A_CORE_ONLY_LinearSVM_F1,AAC_reference,LinearSVM,NEGR01_0026,LYQEPVLGPVR,11,0,negative_core,1,P02ACL_0001,0,0,-0.13392356370877356,decision_function,0.0,TN
AAC_R02A_CORE_ONLY_LinearSVM_F1,AAC_reference,LinearSVM,POSR01_0567,GPVRGPFPII,10,1,positive_core,1,P02ACL_0001,1,0,-0.19990637473382833,decision_function,0.0,FN
AAC_R02A_CORE_ONLY_LinearSVM_F1,AAC_reference,LinearSVM,NEGR01_0014,GTWY,4,0,negative_core,1,P02ACL_0011,0,1,0.3501713513923417,decision_function,0.0,FP
AAC_R02A_CORE_ONLY_LinearSVM_F1,AAC_reference,LinearSVM,NEGR01_0022,NPWDQ,5,0,negative_core,1,P02ACL_0015,0,0,-0.057630401315997115,decision_function,0.0,TN
AAC_R02A_CORE_ONLY_LinearSVM_F1,AAC_reference,LinearSVM,POSR01_0099,YLKT,4,1,positive_core,1,P02ACL_0023,1,0,-0.36576726512505797,decision_function,0.0,FN
AAC_R02A_CORE_ONLY_LinearSVM_F1,AAC_reference,LinearSVM,POSR01_0750,ALPQYLKTVYQHQK,14,1,positive_core,1,P02ACL_0023,1,0,-0.12123110883002591,decision_function,0.0,FN
AAC_R02A_CORE_ONLY_LinearSVM_F1,AAC_reference,LinearSVM,POSR01_0751,AMRLTGNRPCIGAT,14,1,positive_core,1,P02ACL_0026,1,1,0.42235191525139254,decision_function,0.0,TP
AAC_R02A_CORE_ONLY_LinearSVM_F1,AAC_reference,LinearSVM,POSR01_0752,AMRLTGNRPCLYAT,14,1,positive_core,1,P02ACL_0026,1,1,0.2926150739413884,decision_function,0.0,TP
AAC_R02A_CORE_ONLY_LinearSVM_F1,AAC_reference,LinearSVM,POSR01_0021,FFGT,4,1,positive_core,1,P02ACL_0031,1,1,0.9363461569300875,decision_function,0.0,TP
AAC_R02A_CORE_ONLY_LinearSVM_F1,AAC_reference,LinearSVM,POSR01_0040,HYEG,4,1,positive_core,1,P02ACL_0035,1,1,0.8259406978481995,decision_function,0.0,TP
AAC_R02A_CORE_ONLY_LinearSVM_F1,AAC_reference,LinearSVM,POSR01_0061,PLMW,4,1,positive_core,1,P02ACL_0039,1,0,-0.296578629258323,decision_function,0.0,FN
AAC_R02A_CORE_ONLY_LinearSVM_F1,AAC_reference,LinearSVM,POSR01_0084,VVKL,4,1,positive_core,1,P02ACL_0043,1,0,-0.23831109584709176,decision_function,0.0,FN
AAC_R02A_CORE_ONLY_LinearSVM_F1,AAC_reference,LinearSVM,POSR01_0092,YAVT,4,1,positive_core,1,P02ACL_0047,1,1,0.3969964093177935,decision_function,0.0,TP
AAC_R02A_CORE_ONLY_LinearSVM_F1,AAC_reference,LinearSVM,POSR01_0126,FDEQE,5,1,positive_core,1,P02ACL_0051,1,1,0.8870387259115387,decision_function,0.0,TP
AAC_R02A_CORE_ONLY_LinearSVM_F1,AAC_reference,LinearSVM,POSR01_0139,GSGGL,5,1,positive_core,1,P02ACL_0055,1,1,0.7434468639250028,decision_function,0.0,TP
AAC_R02A_CORE_ONLY_LinearSVM_F1,AAC_reference,LinearSVM,POSR01_0148,IIAEK,5,1,positive_core,1,P02ACL_0059,1,1,0.19139218233574568,decision_function,0.0,TP
AAC_R02A_CORE_ONLY_LinearSVM_F1,AAC_reference,LinearSVM,POSR01_0167,LSRVP,5,1,positive_core,1,P02ACL_0063,1,0,-0.073019675544447,decision_function,0.0,FN
AAC_R02A_CORE_ONLY_LinearSVM_F1,AAC_reference,LinearSVM,POSR01_0210,VIEPR,5,1,positive_core,1,P02ACL_0067,1,1,0.03014801799902983,decision_function,0.0,TP
AAC_R02A_CORE_ONLY_LinearSVM_F1,AAC_reference,LinearSVM,POSR01_0257,FDGEVK,6,1,positive_core,1,P02ACL_0071,1,1,0.6151822675485843,decision_function,0.0,TP
AAC_R02A_CORE_ONLY_LinearSVM_F1,AAC_reference,LinearSVM,POSR01_0277,IDDVLK,6,1,positive_core,1,P02ACL_0075,1,0,-0.3198410713220319,decision_function,0.0,FN
AAC_R02A_CORE_ONLY_LinearSVM_F1,AAC_reference,LinearSVM,POSR01_0323,TNGIIR,6,1,positive_core,1,P02ACL_0079,1,1,0.22251627052964856,decision_function,0.0,TP
AAC_R02A_CORE_ONLY_LinearSVM_F1,AAC_reference,LinearSVM,POSR01_0396,SSGFTMQ,7,1,positive_core,1,P02ACL_0083,1,1,0.8560725086690668,decision_function,0.0,TP
AAC_R02A_CORE_ONLY_LinearSVM_F1,AAC_reference,LinearSVM,POSR01_0431,CCCCSVQK,8,1,positive_core,1,P02ACL_0087,1,0,-0.008691118267281472,decision_function,0.0,FN
AAC_R02A_CORE_ONLY_LinearSVM_F1,AAC_reference,LinearSVM,POSR01_0455,MLKMLPFK,8,1,positive_core,1,P02ACL_0091,1,0,-0.15976014178865738,decision_function,0.0,FN
AAC_R02A_CORE_ONLY_LinearSVM_F1,AAC_reference,LinearSVM,POSR01_0475,TEAPLNPK,8,1,positive_core,1,P02ACL_0095,1,0,-0.011538836940262365,decision_function,0.0,FN
AAC_R02A_CORE_ONLY_LinearSVM_F1,AAC_reference,LinearSVM,POSR01_0518,LLRSVGVPL,9,1,positive_core,1,P02ACL_0099,1,0,-0.09812753955888842,decision_function,0.0,FN
AAC_R02A_CORE_ONLY_LinearSVM_F1,AAC_reference,LinearSVM,POSR01_0533,VLDTGLAGA,9,1,positive_core,1,P02ACL_0103,1,1,0.4726719940219475,decision_function,0.0,TP
AAC_R02A_CORE_ONLY_LinearSVM_F1,AAC_reference,LinearSVM,POSR01_0560,DVCGRDVNGY,10,1,positive_core,1,P02ACL_0107,1,1,0.34637869156082746,decision_function,0.0,TP
AAC_R02A_CORE_ONLY_LinearSVM_F1,AAC_reference,LinearSVM,POSR01_0589,RHPHPHLSFM,10,1,positive_core,1,P02ACL_0111,1,1,0.3267390841648286,decision_function,0.0,TP
AAC_R02A_CORE_ONLY_LinearSVM_F1,AAC_reference,LinearSVM,POSR01_0603,WVRQAPGKGL,10,1,positive_core,1,P02ACL_0115,1,1,0.25000607190735274,decision_function,0.0,TP
AAC_R02A_CORE_ONLY_LinearSVM_F1,AAC_reference,LinearSVM,POSR01_0657,YIQKEDVPSER,11,1,positive_core,1,P02ACL_0119,1,1,0.18888100379613454,decision_function,0.0,TP
AAC_R02A_CORE_ONLY_LinearSVM_F1,AAC_reference,LinearSVM,POSR01_0677,FSDIPNPIGSEN,12,1,positive_core,1,P02ACL_0123,1,1,0.2237668081381246,decision_function,0.0,TP
AAC_R02A_CORE_ONLY_LinearSVM_F1,AAC_reference,LinearSVM,POSR01_0720,GIWAPWPPRAGLC,13,1,positive_core,1,P02ACL_0127,1,1,0.01799892887623572,decision_function,0.0,TP
AAC_R02A_CORE_ONLY_LinearSVM_F1,AAC_reference,LinearSVM,POSR01_0769,LVGDEQAVPAVCVP,14,1,positive_core,1,P02ACL_0131,1,1,0.17843644458917837,decision_function,0.0,TP
AAC_R02A_CORE_ONLY_LinearSVM_F1,AAC_reference,LinearSVM,POSR01_0800,ESTVPERTHPACPDFN,16,1,positive_core,1,P02ACL_0135,1,1,0.36402336088892207,decision_function,0.0,TP
AAC_R02A_CORE_ONLY_LinearSVM_F1,AAC_reference,LinearSVM,POSR01_0814,GFFKWHPRCGEEHSMWT,17,1,positive_core,1,P02ACL_0139,1,1,0.6904248454867772,decision_function,0.0,TP
AAC_R02A_CORE_ONLY_LinearSVM_F1,AAC_reference,LinearSVM,POSR01_0836,VSYT,4,1,positive_core,1,P02ACL_0143,1,1,0.29398559425024384,decision_function,0.0,TP
AAC_R02A_CORE_ONLY_LinearSVM_F1,AAC_reference,LinearSVM,POSR01_0855,PSLPA,5,1,positive_core,1,P02ACL_0147,1,0,-0.26768737991925695,decision_function,0.0,FN
AAC_R02A_CORE_ONLY_LinearSVM_F1,AAC_reference,LinearSVM,POSR01_0879,TRTGDPFF,8,1,positive_core,1,P02ACL_0151,1,1,0.44078435146884803,decision_function,0.0,TP
AAC_R02A_CORE_ONLY_LinearSVM_F1,AAC_reference,LinearSVM,POSR01_0899,AGTTCLFTPLALPYDYSH,18,1,positive_core,1,P02ACL_0155,1,1,0.09097200005227823,decision_function,0.0,TP
AAC_R02A_CORE_ONLY_LinearSVM_F2,AAC_reference,LinearSVM,NEGR01_0002,LKPTPEGDLEIL,12,0,negative_core,2,P02ACL_0002,0,1,0.23599581408791298,decision_function,0.0,FP
AAC_R02A_CORE_ONLY_LinearSVM_F2,AAC_reference,LinearSVM,NEGR01_0003,LKPTPEGDLE,10,0,negative_core,2,P02ACL_0002,0,1,0.3532845366215748,decision_function,0.0,FP
AAC_R02A_CORE_ONLY_LinearSVM_F2,AAC_reference,LinearSVM,NEGR01_0004,LKPTPEGDL,9,0,negative_core,2,P02ACL_0002,0,1,0.23601430513546193,decision_function,0.0,FP
AAC_R02A_CORE_ONLY_LinearSVM_F2,AAC_reference,LinearSVM,NEGR01_0001,VLVLDTDYK,9,0,negative_core,2,P02ACL_0005,0,1,0.04197335957016857,decision_function,0.0,FP
AAC_R02A_CORE_ONLY_LinearSVM_F2,AAC_reference,LinearSVM,NEGR01_0008,YPSYGLN,7,0,negative_core,2,P02ACL_0009,0,0,-0.18544875751287565,decision_function,0.0,TN
AAC_R02A_CORE_ONLY_LinearSVM_F2,AAC_reference,LinearSVM,NEGR01_0018,PGPIPN,6,0,negative_core,2,P02ACL_0013,0,0,-0.5886550572306768,decision_function,0.0,TN
AAC_R02A_CORE_ONLY_LinearSVM_F2,AAC_reference,LinearSVM,NEGR01_0028,HQPHQPLPPTVMFPPQ,16,0,negative_core,2,P02ACL_0017,0,0,-0.3516835674262703,decision_function,0.0,TN
AAC_R02A_CORE_ONLY_LinearSVM_F2,AAC_reference,LinearSVM,POSR01_0101,YPEL,4,1,positive_core,2,P02ACL_0021,1,0,-0.4718178968570412,decision_function,0.0,FN
AAC_R02A_CORE_ONLY_LinearSVM_F2,AAC_reference,LinearSVM,POSR01_0250,AYFYPE,6,1,positive_core,2,P02ACL_0021,1,0,-0.2521013518843071,decision_function,0.0,FN
AAC_R02A_CORE_ONLY_LinearSVM_F2,AAC_reference,LinearSVM,POSR01_0356,AYFYPEL,7,1,positive_core,2,P02ACL_0021,1,0,-0.20406263835348898,decision_function,0.0,FN
AAC_R02A_CORE_ONLY_LinearSVM_F2,AAC_reference,LinearSVM,POSR01_0004,ATVY,4,1,positive_core,2,P02ACL_0027,1,1,0.21080617474508817,decision_function,0.0,TP
AAC_R02A_CORE_ONLY_LinearSVM_F2,AAC_reference,LinearSVM,POSR01_0010,DDDY,4,1,positive_core,2,P02ACL_0028,1,1,0.017362543843411737,decision_function,0.0,TP
AAC_R02A_CORE_ONLY_LinearSVM_F2,AAC_reference,LinearSVM,POSR01_0031,FYKA,4,1,positive_core,2,P02ACL_0032,1,1,0.1357826579642853,decision_function,0.0,TP
AAC_R02A_CORE_ONLY_LinearSVM_F2,AAC_reference,LinearSVM,POSR01_0043,IYPF,4,1,positive_core,2,P02ACL_0036,1,0,-0.8389185644787127,decision_function,0.0,FN
AAC_R02A_CORE_ONLY_LinearSVM_F2,AAC_reference,LinearSVM,POSR01_0064,QAEP,4,1,positive_core,2,P02ACL_0040,1,1,0.11240357775637883,decision_function,0.0,TP
AAC_R02A_CORE_ONLY_LinearSVM_F2,AAC_reference,LinearSVM,POSR01_0087,WDVK,4,1,positive_core,2,P02ACL_0044,1,0,-0.22823677638631706,decision_function,0.0,FN
AAC_R02A_CORE_ONLY_LinearSVM_F2,AAC_reference,LinearSVM,POSR01_0104,YPYY,4,1,positive_core,2,P02ACL_0048,1,0,-1.7654937687569403,decision_function,0.0,FN
AAC_R02A_CORE_ONLY_LinearSVM_F2,AAC_reference,LinearSVM,POSR01_0128,FGERR,5,1,positive_core,2,P02ACL_0052,1,1,1.0824998728585298,decision_function,0.0,TP
AAC_R02A_CORE_ONLY_LinearSVM_F2,AAC_reference,LinearSVM,POSR01_0140,GVPFW,5,1,positive_core,2,P02ACL_0056,1,0,-0.23093300914071285,decision_function,0.0,FN
AAC_R02A_CORE_ONLY_LinearSVM_F2,AAC_reference,LinearSVM,POSR01_0151,IVEYF,5,1,positive_core,2,P02ACL_0060,1,0,-0.18183785752598286,decision_function,0.0,FN
AAC_R02A_CORE_ONLY_LinearSVM_F2,AAC_reference,LinearSVM,POSR01_0183,PYFNK,5,1,positive_core,2,P02ACL_0064,1,0,-0.3648990271336751,decision_function,0.0,FN
AAC_R02A_CORE_ONLY_LinearSVM_F2,AAC_reference,LinearSVM,POSR01_0220,WEGPK,5,1,positive_core,2,P02ACL_0068,1,1,0.0060562284889851825,decision_function,0.0,TP
AAC_R02A_CORE_ONLY_LinearSVM_F2,AAC_reference,LinearSVM,POSR01_0258,FDPFPK,6,1,positive_core,2,P02ACL_0072,1,0,-0.12305283926396893,decision_function,0.0,FN
AAC_R02A_CORE_ONLY_LinearSVM_F2,AAC_reference,LinearSVM,POSR01_0287,LELPLK,6,1,positive_core,2,P02ACL_0076,1,1,0.03437897058731115,decision_function,0.0,TP
AAC_R02A_CORE_ONLY_LinearSVM_F2,AAC_reference,LinearSVM,POSR01_0329,VGPWQK,6,1,positive_core,2,P02ACL_0080,1,0,-0.46499372254006527,decision_function,0.0,FN
AAC_R02A_CORE_ONLY_LinearSVM_F2,AAC_reference,LinearSVM,POSR01_0400,TIIPLPV,7,1,positive_core,2,P02ACL_0084,1,0,-0.48150270007623125,decision_function,0.0,FN
AAC_R02A_CORE_ONLY_LinearSVM_F2,AAC_reference,LinearSVM,POSR01_0436,EAPLNPKA,8,1,positive_core,2,P02ACL_0088,1,1,0.26761093341918885,decision_function,0.0,TP
AAC_R02A_CORE_ONLY_LinearSVM_F2,AAC_reference,LinearSVM,POSR01_0460,PKLPPVKK,8,1,positive_core,2,P02ACL_0092,1,0,-0.5977708024564452,decision_function,0.0,FN
AAC_R02A_CORE_ONLY_LinearSVM_F2,AAC_reference,LinearSVM,POSR01_0477,VAPEEHPV,8,1,positive_core,2,P02ACL_0096,1,1,0.20554427656731053,decision_function,0.0,TP
AAC_R02A_CORE_ONLY_LinearSVM_F2,AAC_reference,LinearSVM,POSR01_0520,LQPGQGQQG,9,1,positive_core,2,P02ACL_0100,1,0,-0.16311830587338244,decision_function,0.0,FN
AAC_R02A_CORE_ONLY_LinearSVM_F2,AAC_reference,LinearSVM,POSR01_0544,YGGVSLPEW,9,1,positive_core,2,P02ACL_0104,1,1,0.09607810225274127,decision_function,0.0,TP
AAC_R02A_CORE_ONLY_LinearSVM_F2,AAC_reference,LinearSVM,POSR01_0571,KYIPIQYVLS,10,1,positive_core,2,P02ACL_0108,1,0,-0.6066383737579177,decision_function,0.0,FN
AAC_R02A_CORE_ONLY_LinearSVM_F2,AAC_reference,LinearSVM,POSR01_0591,RQSHFANAQP,10,1,positive_core,2,P02ACL_0112,1,1,0.5471054888604936,decision_function,0.0,TP
AAC_R02A_CORE_ONLY_LinearSVM_F2,AAC_reference,LinearSVM,POSR01_0611,YSEEQQPSTR,10,1,positive_core,2,P02ACL_0116,1,1,0.4240934399015094,decision_function,0.0,TP
AAC_R02A_CORE_ONLY_LinearSVM_F2,AAC_reference,LinearSVM,POSR01_0662,AADNANELFPPN,12,1,positive_core,2,P02ACL_0120,1,1,0.5263958905898212,decision_function,0.0,TP
AAC_R02A_CORE_ONLY_LinearSVM_F2,AAC_reference,LinearSVM,POSR01_0688,KEFLLAGNNNRA,12,1,positive_core,2,P02ACL_0124,1,1,0.8031989361147027,decision_function,0.0,TP
AAC_R02A_CORE_ONLY_LinearSVM_F2,AAC_reference,LinearSVM,POSR01_0740,SEALGVSSQVARQ,13,1,positive_core,2,P02ACL_0128,1,1,0.750422087913954,decision_function,0.0,TP
AAC_R02A_CORE_ONLY_LinearSVM_F2,AAC_reference,LinearSVM,POSR01_0780,AGGGGGGGGGGGKNL,15,1,positive_core,2,P02ACL_0132,1,1,1.041347004909628,decision_function,0.0,TP
AAC_R02A_CORE_ONLY_LinearSVM_F2,AAC_reference,LinearSVM,POSR01_0801,GEPGPPGPPGPPGPPG,16,1,positive_core,2,P02ACL_0136,1,0,-0.32438306722664106,decision_function,0.0,FN
AAC_R02A_CORE_ONLY_LinearSVM_F2,AAC_reference,LinearSVM,POSR01_0823,IWCKDDQNPHSSNISCDKF,19,1,positive_core,2,P02ACL_0140,1,1,0.3771722840036157,decision_function,0.0,TP
AAC_R02A_CORE_ONLY_LinearSVM_F2,AAC_reference,LinearSVM,POSR01_0839,EVPKA,5,1,positive_core,2,P02ACL_0144,1,1,0.18849538129071475,decision_function,0.0,TP
AAC_R02A_CORE_ONLY_LinearSVM_F2,AAC_reference,LinearSVM,POSR01_0860,LKKISQ,6,1,positive_core,2,P02ACL_0148,1,1,0.08758772759007288,decision_function,0.0,TP
AAC_R02A_CORE_ONLY_LinearSVM_F2,AAC_reference,LinearSVM,POSR01_0881,VQVTSTAV,8,1,positive_core,2,P02ACL_0152,1,1,0.5543024716298359,decision_function,0.0,TP
AAC_R02A_CORE_ONLY_LinearSVM_F3,AAC_reference,LinearSVM,NEGR01_0005,IPAVFKIDA,9,0,negative_core,3,P02ACL_0003,0,1,1.1325242651473082,decision_function,0.0,FP
AAC_R02A_CORE_ONLY_LinearSVM_F3,AAC_reference,LinearSVM,NEGR01_0006,IPAVF,5,0,negative_core,3,P02ACL_0003,0,1,0.9090351932215558,decision_function,0.0,FP
AAC_R02A_CORE_ONLY_LinearSVM_F3,AAC_reference,LinearSVM,NEGR01_0024,IPAV,4,0,negative_core,3,P02ACL_0003,0,1,0.7231298840198312,decision_function,0.0,FP
AAC_R02A_CORE_ONLY_LinearSVM_F3,AAC_reference,LinearSVM,NEGR01_0021,DQWL,4,0,negative_core,3,P02ACL_0006,0,0,-0.16483804469276475,decision_function,0.0,TN
AAC_R02A_CORE_ONLY_LinearSVM_F3,AAC_reference,LinearSVM,NEGR01_0025,LDQWLCEK,8,0,negative_core,3,P02ACL_0006,0,1,0.1446797273330857,decision_function,0.0,FP
AAC_R02A_CORE_ONLY_LinearSVM_F3,AAC_reference,LinearSVM,NEGR01_0009,YIPIQYVLSR,10,0,negative_core,3,P02ACL_0010,0,0,-0.009920278105627678,decision_function,0.0,TN
AAC_R02A_CORE_ONLY_LinearSVM_F3,AAC_reference,LinearSVM,NEGR01_0020,KVLPVPQ,7,0,negative_core,3,P02ACL_0014,0,0,-0.4406820545481688,decision_function,0.0,TN
AAC_R02A_CORE_ONLY_LinearSVM_F3,AAC_reference,LinearSVM,NEGR01_0029,MAIPPKKNQDK,11,0,negative_core,3,P02ACL_0018,0,1,0.4968953588718032,decision_function,0.0,FP
AAC_R02A_CORE_ONLY_LinearSVM_F3,AAC_reference,LinearSVM,POSR01_0002,ADHP,4,1,positive_core,3,P02ACL_0022,1,1,0.6255313182095573,decision_function,0.0,TP
AAC_R02A_CORE_ONLY_LinearSVM_F3,AAC_reference,LinearSVM,POSR01_0392,RADHPFL,7,1,positive_core,3,P02ACL_0022,1,1,0.5529045725003249,decision_function,0.0,TP
AAC_R02A_CORE_ONLY_LinearSVM_F3,AAC_reference,LinearSVM,POSR01_0113,AGWNI,5,1,positive_core,3,P02ACL_0024,1,1,1.0488064145463505,decision_function,0.0,TP
AAC_R02A_CORE_ONLY_LinearSVM_F3,AAC_reference,LinearSVM,POSR01_0247,AGWNIP,6,1,positive_core,3,P02ACL_0024,1,1,0.5712552847459006,decision_function,0.0,TP
AAC_R02A_CORE_ONLY_LinearSVM_F3,AAC_reference,LinearSVM,POSR01_0011,DHHK,4,1,positive_core,3,P02ACL_0029,1,1,0.7017709079479075,decision_function,0.0,TP
AAC_R02A_CORE_ONLY_LinearSVM_F3,AAC_reference,LinearSVM,POSR01_0035,GGRP,4,1,positive_core,3,P02ACL_0033,1,0,-0.06962471165201622,decision_function,0.0,FN
AAC_R02A_CORE_ONLY_LinearSVM_F3,AAC_reference,LinearSVM,POSR01_0046,LARL,4,1,positive_core,3,P02ACL_0037,1,1,0.5521590116942565,decision_function,0.0,TP
AAC_R02A_CORE_ONLY_LinearSVM_F3,AAC_reference,LinearSVM,POSR01_0066,QFAW,4,1,positive_core,3,P02ACL_0041,1,1,1.2198883340032045,decision_function,0.0,TP
AAC_R02A_CORE_ONLY_LinearSVM_F3,AAC_reference,LinearSVM,POSR01_0090,WYSL,4,1,positive_core,3,P02ACL_0045,1,0,-0.08362959254713087,decision_function,0.0,FN
AAC_R02A_CORE_ONLY_LinearSVM_F3,AAC_reference,LinearSVM,POSR01_0110,YVPR,4,1,positive_core,3,P02ACL_0049,1,0,-0.5459267019413209,decision_function,0.0,FN
AAC_R02A_CORE_ONLY_LinearSVM_F3,AAC_reference,LinearSVM,POSR01_0132,FVAGK,5,1,positive_core,3,P02ACL_0053,1,1,1.3234959578885443,decision_function,0.0,TP
AAC_R02A_CORE_ONLY_LinearSVM_F3,AAC_reference,LinearSVM,POSR01_0141,GVPLT,5,1,positive_core,3,P02ACL_0057,1,0,-0.351375284084665,decision_function,0.0,FN
AAC_R02A_CORE_ONLY_LinearSVM_F3,AAC_reference,LinearSVM,POSR01_0155,KDVPP,5,1,positive_core,3,P02ACL_0061,1,0,-0.45408707279432337,decision_function,0.0,FN
AAC_R02A_CORE_ONLY_LinearSVM_F3,AAC_reference,LinearSVM,POSR01_0187,QIESW,5,1,positive_core,3,P02ACL_0065,1,1,0.6736100381692589,decision_function,0.0,TP
AAC_R02A_CORE_ONLY_LinearSVM_F3,AAC_reference,LinearSVM,POSR01_0230,YGGFL,5,1,positive_core,3,P02ACL_0069,1,1,0.157979215958015,decision_function,0.0,TP
AAC_R02A_CORE_ONLY_LinearSVM_F3,AAC_reference,LinearSVM,POSR01_0264,FPWLLS,6,1,positive_core,3,P02ACL_0073,1,0,-0.03393068899041862,decision_function,0.0,FN
AAC_R02A_CORE_ONLY_LinearSVM_F3,AAC_reference,LinearSVM,POSR01_0306,PPHMLP,6,1,positive_core,3,P02ACL_0077,1,0,-0.6843229849449975,decision_function,0.0,FN
AAC_R02A_CORE_ONLY_LinearSVM_F3,AAC_reference,LinearSVM,POSR01_0331,VPLSPT,6,1,positive_core,3,P02ACL_0081,1,0,-0.4164008644225511,decision_function,0.0,FN
AAC_R02A_CORE_ONLY_LinearSVM_F3,AAC_reference,LinearSVM,POSR01_0410,VVALALI,7,1,positive_core,3,P02ACL_0085,1,1,0.9453308476972524,decision_function,0.0,TP
AAC_R02A_CORE_ONLY_LinearSVM_F3,AAC_reference,LinearSVM,POSR01_0447,HVRETALV,8,1,positive_core,3,P02ACL_0089,1,1,0.6281887990424317,decision_function,0.0,TP
AAC_R02A_CORE_ONLY_LinearSVM_F3,AAC_reference,LinearSVM,POSR01_0464,PSHDAHPE,8,1,positive_core,3,P02ACL_0093,1,1,0.46723041329522463,decision_function,0.0,TP
AAC_R02A_CORE_ONLY_LinearSVM_F3,AAC_reference,LinearSVM,POSR01_0481,VKEAMAPK,8,1,positive_core,3,P02ACL_0097,1,1,1.1029682791490942,decision_function,0.0,TP
AAC_R02A_CORE_ONLY_LinearSVM_F3,AAC_reference,LinearSVM,POSR01_0524,PFPEVFGKE,9,1,positive_core,3,P02ACL_0101,1,1,0.29106138283283556,decision_function,0.0,TP
AAC_R02A_CORE_ONLY_LinearSVM_F3,AAC_reference,LinearSVM,POSR01_0553,AWEEREQGSR,10,1,positive_core,3,P02ACL_0105,1,1,0.8260702198744626,decision_function,0.0,TP
AAC_R02A_CORE_ONLY_LinearSVM_F3,AAC_reference,LinearSVM,POSR01_0577,MYVVELMMSF,10,1,positive_core,3,P02ACL_0109,1,1,0.634856080305627,decision_function,0.0,TP
AAC_R02A_CORE_ONLY_LinearSVM_F3,AAC_reference,LinearSVM,POSR01_0593,SDITRPGGNM,10,1,positive_core,3,P02ACL_0113,1,1,0.4428674528110077,decision_function,0.0,TP
AAC_R02A_CORE_ONLY_LinearSVM_F3,AAC_reference,LinearSVM,POSR01_0618,EDELQDKIHPF,11,1,positive_core,3,P02ACL_0117,1,1,0.33354024396337023,decision_function,0.0,TP
AAC_R02A_CORE_ONLY_LinearSVM_F3,AAC_reference,LinearSVM,POSR01_0664,AGEQGFEYVTFR,12,1,positive_core,3,P02ACL_0121,1,1,0.7190383683883678,decision_function,0.0,TP
AAC_R02A_CORE_ONLY_LinearSVM_F3,AAC_reference,LinearSVM,POSR01_0696,NMAVPDALAGPL,12,1,positive_core,3,P02ACL_0125,1,1,0.5957163009512891,decision_function,0.0,TP
AAC_R02A_CORE_ONLY_LinearSVM_F3,AAC_reference,LinearSVM,POSR01_0741,SMLGDGTLPPDLA,13,1,positive_core,3,P02ACL_0129,1,1,0.13265464554982515,decision_function,0.0,TP
AAC_R02A_CORE_ONLY_LinearSVM_F3,AAC_reference,LinearSVM,POSR01_0781,AIEWEGIESGSVEQA,15,1,positive_core,3,P02ACL_0133,1,1,1.0592579617953497,decision_function,0.0,TP
AAC_R02A_CORE_ONLY_LinearSVM_F3,AAC_reference,LinearSVM,POSR01_0804,IHKAGGGGGGGGGGGK,16,1,positive_core,3,P02ACL_0137,1,1,0.804153676263943,decision_function,0.0,TP
AAC_R02A_CORE_ONLY_LinearSVM_F3,AAC_reference,LinearSVM,POSR01_0825,EFIQ,4,1,positive_core,3,P02ACL_0141,1,1,0.8667061396844805,decision_function,0.0,TP
AAC_R02A_CORE_ONLY_LinearSVM_F3,AAC_reference,LinearSVM,POSR01_0842,IEEAF,5,1,positive_core,3,P02ACL_0145,1,1,1.4843937471277893,decision_function,0.0,TP
AAC_R02A_CORE_ONLY_LinearSVM_F3,AAC_reference,LinearSVM,POSR01_0862,RDILNQ,6,1,positive_core,3,P02ACL_0149,1,1,0.22702392825223572,decision_function,0.0,TP
AAC_R02A_CORE_ONLY_LinearSVM_F3,AAC_reference,LinearSVM,POSR01_0882,YMVSAIWG,8,1,positive_core,3,P02ACL_0153,1,1,0.874529646418897,decision_function,0.0,TP
AAC_R02A_CORE_ONLY_LinearSVM_F4,AAC_reference,LinearSVM,NEGR01_0010,YPFPG,5,0,negative_core,4,P02ACL_0004,0,0,-0.043950835843573954,decision_function,0.0,TN
AAC_R02A_CORE_ONLY_LinearSVM_F4,AAC_reference,LinearSVM,NEGR01_0011,YPFPGP,6,0,negative_core,4,P02ACL_0004,0,0,-0.24175502422459555,decision_function,0.0,TN
AAC_R02A_CORE_ONLY_LinearSVM_F4,AAC_reference,LinearSVM,NEGR01_0012,YPFP,4,0,negative_core,4,P02ACL_0004,0,0,-0.26216659594267927,decision_function,0.0,TN
AAC_R02A_CORE_ONLY_LinearSVM_F4,AAC_reference,LinearSVM,NEGR01_0013,RYLGYL,6,0,negative_core,4,P02ACL_0007,0,1,0.10732091802657684,decision_function,0.0,FP
AAC_R02A_CORE_ONLY_LinearSVM_F4,AAC_reference,LinearSVM,POSR01_0098,YLGY,4,1,positive_core,4,P02ACL_0007,1,0,-0.027385663453290077,decision_function,0.0,FN
AAC_R02A_CORE_ONLY_LinearSVM_F4,AAC_reference,LinearSVM,POSR01_0196,RYLGY,5,1,positive_core,4,P02ACL_0007,1,1,0.3083531493430104,decision_function,0.0,TP
AAC_R02A_CORE_ONLY_LinearSVM_F4,AAC_reference,LinearSVM,NEGR01_0007,YLGSRY,6,0,negative_core,4,P02ACL_0008,0,1,0.6357036543575437,decision_function,0.0,FP
AAC_R02A_CORE_ONLY_LinearSVM_F4,AAC_reference,LinearSVM,NEGR01_0015,DYKKY,5,0,negative_core,4,P02ACL_0012,0,1,0.23916281081776078,decision_function,0.0,FP
AAC_R02A_CORE_ONLY_LinearSVM_F4,AAC_reference,LinearSVM,NEGR01_0027,WMHQPHQPLPPT,12,0,negative_core,4,P02ACL_0016,0,0,-0.38161044569468655,decision_function,0.0,TN
AAC_R02A_CORE_ONLY_LinearSVM_F4,AAC_reference,LinearSVM,POSR01_0165,LQGMP,5,1,positive_core,4,P02ACL_0025,1,0,-0.32233587912452416,decision_function,0.0,FN
AAC_R02A_CORE_ONLY_LinearSVM_F4,AAC_reference,LinearSVM,POSR01_0683,GTPGLQGMPGER,12,1,positive_core,4,P02ACL_0025,1,1,0.19191471344396638,decision_function,0.0,TP
AAC_R02A_CORE_ONLY_LinearSVM_F4,AAC_reference,LinearSVM,POSR01_0015,DYDD,4,1,positive_core,4,P02ACL_0030,1,0,-0.2989204472070847,decision_function,0.0,FN
AAC_R02A_CORE_ONLY_LinearSVM_F4,AAC_reference,LinearSVM,POSR01_0036,GTQY,4,1,positive_core,4,P02ACL_0034,1,0,-0.11198357519854313,decision_function,0.0,FN
AAC_R02A_CORE_ONLY_LinearSVM_F4,AAC_reference,LinearSVM,POSR01_0054,MMGW,4,1,positive_core,4,P02ACL_0038,1,1,0.646553079521434,decision_function,0.0,TP
AAC_R02A_CORE_ONLY_LinearSVM_F4,AAC_reference,LinearSVM,POSR01_0067,QGAR,4,1,positive_core,4,P02ACL_0042,1,1,0.7117435706002448,decision_function,0.0,TP
AAC_R02A_CORE_ONLY_LinearSVM_F4,AAC_reference,LinearSVM,POSR01_0091,YAKP,4,1,positive_core,4,P02ACL_0046,1,1,0.2917836563578299,decision_function,0.0,TP
AAC_R02A_CORE_ONLY_LinearSVM_F4,AAC_reference,LinearSVM,POSR01_0114,ALGGA,5,1,positive_core,4,P02ACL_0050,1,1,0.7936399613217935,decision_function,0.0,TP
AAC_R02A_CORE_ONLY_LinearSVM_F4,AAC_reference,LinearSVM,POSR01_0136,GDMNP,5,1,positive_core,4,P02ACL_0054,1,1,0.06943422171016905,decision_function,0.0,TP
AAC_R02A_CORE_ONLY_LinearSVM_F4,AAC_reference,LinearSVM,POSR01_0146,IDLAY,5,1,positive_core,4,P02ACL_0058,1,0,-0.19874575155433855,decision_function,0.0,FN
AAC_R02A_CORE_ONLY_LinearSVM_F4,AAC_reference,LinearSVM,POSR01_0163,LPILR,5,1,positive_core,4,P02ACL_0062,1,0,-0.5326091154157244,decision_function,0.0,FN
AAC_R02A_CORE_ONLY_LinearSVM_F4,AAC_reference,LinearSVM,POSR01_0198,SALAM,5,1,positive_core,4,P02ACL_0066,1,1,1.1016420644305647,decision_function,0.0,TP
AAC_R02A_CORE_ONLY_LinearSVM_F4,AAC_reference,LinearSVM,POSR01_0252,DHPFLF,6,1,positive_core,4,P02ACL_0070,1,1,0.29962889673601556,decision_function,0.0,TP
AAC_R02A_CORE_ONLY_LinearSVM_F4,AAC_reference,LinearSVM,POSR01_0271,GPAGDY,6,1,positive_core,4,P02ACL_0074,1,1,0.2698429096876397,decision_function,0.0,TP
AAC_R02A_CORE_ONLY_LinearSVM_F4,AAC_reference,LinearSVM,POSR01_0321,SSGFTY,6,1,positive_core,4,P02ACL_0078,1,1,1.1279208428616097,decision_function,0.0,TP
AAC_R02A_CORE_ONLY_LinearSVM_F4,AAC_reference,LinearSVM,POSR01_0377,KVEGDLK,7,1,positive_core,4,P02ACL_0082,1,1,0.276665681913241,decision_function,0.0,TP
AAC_R02A_CORE_ONLY_LinearSVM_F4,AAC_reference,LinearSVM,POSR01_0427,AIRQGDVF,8,1,positive_core,4,P02ACL_0086,1,1,0.292883160415662,decision_function,0.0,TP
AAC_R02A_CORE_ONLY_LinearSVM_F4,AAC_reference,LinearSVM,POSR01_0454,MFAEWQPR,8,1,positive_core,4,P02ACL_0090,1,1,0.509871537756418,decision_function,0.0,TP
AAC_R02A_CORE_ONLY_LinearSVM_F4,AAC_reference,LinearSVM,POSR01_0468,RDRHQKIG,8,1,positive_core,4,P02ACL_0094,1,1,0.4350489102855252,decision_function,0.0,TP
AAC_R02A_CORE_ONLY_LinearSVM_F4,AAC_reference,LinearSVM,POSR01_0490,YWVTSGPK,8,1,positive_core,4,P02ACL_0098,1,1,0.2867924912022002,decision_function,0.0,TP
AAC_R02A_CORE_ONLY_LinearSVM_F4,AAC_reference,LinearSVM,POSR01_0527,SALLRSIPA,9,1,positive_core,4,P02ACL_0102,1,1,0.5655647130934071,decision_function,0.0,TP
AAC_R02A_CORE_ONLY_LinearSVM_F4,AAC_reference,LinearSVM,POSR01_0559,DRVYIHPFHL,10,1,positive_core,4,P02ACL_0106,1,1,0.19020666094379646,decision_function,0.0,TP
AAC_R02A_CORE_ONLY_LinearSVM_F4,AAC_reference,LinearSVM,POSR01_0587,QKPFPQQPPF,10,1,positive_core,4,P02ACL_0110,1,0,-0.4954670486422755,decision_function,0.0,FN
AAC_R02A_CORE_ONLY_LinearSVM_F4,AAC_reference,LinearSVM,POSR01_0597,TMAEYHHQDQ,10,1,positive_core,4,P02ACL_0114,1,1,0.3553657110419267,decision_function,0.0,TP
AAC_R02A_CORE_ONLY_LinearSVM_F4,AAC_reference,LinearSVM,POSR01_0653,VVYFDQTQAQA,11,1,positive_core,4,P02ACL_0118,1,0,-0.001523949595106211,decision_function,0.0,FN
AAC_R02A_CORE_ONLY_LinearSVM_F4,AAC_reference,LinearSVM,POSR01_0666,AQQQEQAQQQEQ,12,1,positive_core,4,P02ACL_0122,1,0,-0.38645613019719155,decision_function,0.0,FN
AAC_R02A_CORE_ONLY_LinearSVM_F4,AAC_reference,LinearSVM,POSR01_0699,TWYFITPYIPDK,12,1,positive_core,4,P02ACL_0126,1,0,-0.2795231381929822,decision_function,0.0,FN
AAC_R02A_CORE_ONLY_LinearSVM_F4,AAC_reference,LinearSVM,POSR01_0762,GKHQQEEENEGGSI,14,1,positive_core,4,P02ACL_0130,1,1,0.5417305638866536,decision_function,0.0,TP
AAC_R02A_CORE_ONLY_LinearSVM_F4,AAC_reference,LinearSVM,POSR01_0786,GPLGLLGFLGPLGLS,15,1,positive_core,4,P02ACL_0134,1,1,0.00010777979969261997,decision_function,0.0,TP
AAC_R02A_CORE_ONLY_LinearSVM_F4,AAC_reference,LinearSVM,POSR01_0807,LQSGDALRVPSGTTYY,16,1,positive_core,4,P02ACL_0138,1,1,0.2791345843871697,decision_function,0.0,TP
AAC_R02A_CORE_ONLY_LinearSVM_F4,AAC_reference,LinearSVM,POSR01_0827,EFQI,4,1,positive_core,4,P02ACL_0142,1,0,-0.0163717132640242,decision_function,0.0,FN
AAC_R02A_CORE_ONLY_LinearSVM_F4,AAC_reference,LinearSVM,POSR01_0847,LLNPT,5,1,positive_core,4,P02ACL_0146,1,0,-0.5660387760180892,decision_function,0.0,FN
AAC_R02A_CORE_ONLY_LinearSVM_F4,AAC_reference,LinearSVM,POSR01_0867,DAQEKLE,7,1,positive_core,4,P02ACL_0150,1,1,0.27776799378252615,decision_function,0.0,TP
AAC_R02A_CORE_ONLY_LinearSVM_F4,AAC_reference,LinearSVM,POSR01_0894,VPSIDDQEELM,11,1,positive_core,4,P02ACL_0154,1,0,-0.04035316763075297,decision_function,0.0,FN
