record_id,sequence,length,label,branch,p02a_hard_fold,p02a_cluster_id,p02a_cluster_size,p02a_cluster_pos_n,p02a_cluster_neg_n,p02a_mixed_label_cluster,p02a_primary_role,p02a_split_rule,r01_assigned_fold,positive_freeze_seq_id,positive_source_dbs,positive_source_group_candidate,negative_parent_protein_name,negative_known_activity,negative_origin_batch,negative_decision_confidence,negative_sensitivity_group,negative_parent_group_candidate,recommended_primary_split_use,recommended_source_parent_split_use,exact_sequence_group,naive_same_length_identity80_group
NEGR01_0016,YQEPVLGPVRGPFPIIV,17,0,negative_core,1,P02ACL_0001,6,1,5,yes,test_when_fold_equals_p02a_hard_fold; train_otherwise,exact + provided same-length identity80 + substring-containment connected components,,,,,Beta-casein,Immunomodulatory,Batch4_MBPD,medium,,Beta-casein,P02_sequence_cluster_candidate,diagnostic_only_until_group_balance_reviewed,EXACT_0174,CL80_0162
NEGR01_0017,QEPVL,5,0,negative_core,1,P02ACL_0001,6,1,5,yes,test_when_fold_equals_p02a_hard_fold; train_otherwise,exact + provided same-length identity80 + substring-containment connected components,,,,,Beta-casein,Immunomodulatory,Batch4_MBPD,medium,,Beta-casein,P02_sequence_cluster_candidate,diagnostic_only_until_group_balance_reviewed,EXACT_0114,CL80_0155
NEGR01_0019,DMPIQAFLLYQEPVLGPVR,19,0,negative_core,1,P02ACL_0001,6,1,5,yes,test_when_fold_equals_p02a_hard_fold; train_otherwise,exact + provided same-length identity80 + substring-containment connected components,,,,,Beta-casein,Immunomodulatory,Batch4_MBPD,high,,Beta-casein,P02_sequence_cluster_candidate,diagnostic_only_until_group_balance_reviewed,EXACT_0024,CL80_0173
NEGR01_0023,LYQEPVLGPVRGPFPIIV,18,0,negative_core,1,P02ACL_0001,6,1,5,yes,test_when_fold_equals_p02a_hard_fold; train_otherwise,exact + provided same-length identity80 + substring-containment connected components,,,,,Beta-casein,Immunomodulatory,Batch4_MBPD,medium,,Beta-casein,P02_sequence_cluster_candidate,diagnostic_only_until_group_balance_reviewed,EXACT_0097,CL80_0167
NEGR01_0026,LYQEPVLGPVR,11,0,negative_core,1,P02ACL_0001,6,1,5,yes,test_when_fold_equals_p02a_hard_fold; train_otherwise,exact + provided same-length identity80 + substring-containment connected components,,,,,Beta-casein,Immunomodulatory,Batch4_MBPD,medium,,Beta-casein,P02_sequence_cluster_candidate,diagnostic_only_until_group_balance_reviewed,EXACT_0096,CL80_0168
POSR01_0567,GPVRGPFPII,10,1,positive_core,1,P02ACL_0001,6,1,5,yes,test_when_fold_equals_p02a_hard_fold; train_otherwise,exact + provided same-length identity80 + substring-containment connected components,,FREEZESEQ000926,AODB; AnOxPePred; DFBP,AODB+AnOxPePred+DFBP,,,,,,,P02_sequence_cluster_candidate,diagnostic_only_until_group_balance_reviewed,EXACT_0053,CL80_0108
NEGR01_0014,GTWY,4,0,negative_core,1,P02ACL_0011,1,0,1,no,test_when_fold_equals_p02a_hard_fold; train_otherwise,exact + provided same-length identity80 + substring-containment connected components,,,,,Beta-lactoglobulin,Immunomodulatory,Batch4_MBPD,medium,,Beta-lactoglobulin,P02_sequence_cluster_candidate,diagnostic_only_until_group_balance_reviewed,EXACT_0057,CL80_0149
NEGR01_0022,NPWDQ,5,0,negative_core,1,P02ACL_0015,1,0,1,no,test_when_fold_equals_p02a_hard_fold; train_otherwise,exact + provided same-length identity80 + substring-containment connected components,,,,,Alpha-S2-casein,Immunomodulatory,Batch4_MBPD,high,,Alpha-S2-casein,P02_sequence_cluster_candidate,diagnostic_only_until_group_balance_reviewed,EXACT_0104,CL80_0159
SENSR01_0002,LKALPMH,7,0,negative_sensitivity,1,P02ACL_0019,1,0,1,no,test_when_fold_equals_p02a_hard_fold; train_otherwise,exact + provided same-length identity80 + substring-containment connected components,,,,,Beta-lactoglobulin,DPP-IV Inhibitory,Batch2_MBPD,medium,dual_function_watchlist_v1,Beta-lactoglobulin,P02_sequence_cluster_candidate,diagnostic_only_until_group_balance_reviewed,EXACT_0083,CL80_0175
POSR01_0099,YLKT,4,1,positive_core,1,P02ACL_0023,2,2,0,no,test_when_fold_equals_p02a_hard_fold; train_otherwise,exact + provided same-length identity80 + substring-containment connected components,,FREEZESEQ000458,AODB; AnOxPePred; BIOPEP-UWM; DFBP,AODB+AnOxPePred+BIOPEP-UWM+DFBP,,,,,,,P02_sequence_cluster_candidate,diagnostic_only_until_group_balance_reviewed,EXACT_0166,CL80_0077
POSR01_0750,ALPQYLKTVYQHQK,14,1,positive_core,1,P02ACL_0023,2,2,0,no,test_when_fold_equals_p02a_hard_fold; train_otherwise,exact + provided same-length identity80 + substring-containment connected components,,FREEZESEQ001109,AODB,AODB,,,,,,,P02_sequence_cluster_candidate,diagnostic_only_until_group_balance_reviewed,EXACT_0011,CL80_0132
POSR01_0751,AMRLTGNRPCIGAT,14,1,positive_core,1,P02ACL_0026,2,2,0,no,test_when_fold_equals_p02a_hard_fold; train_otherwise,exact + provided same-length identity80 + substring-containment connected components,,FREEZESEQ001110,AODB,AODB,,,,,,,P02_sequence_cluster_candidate,diagnostic_only_until_group_balance_reviewed,EXACT_0012,CL80_0024
POSR01_0752,AMRLTGNRPCLYAT,14,1,positive_core,1,P02ACL_0026,2,2,0,no,test_when_fold_equals_p02a_hard_fold; train_otherwise,exact + provided same-length identity80 + substring-containment connected components,,FREEZESEQ001111,AODB,AODB,,,,,,,P02_sequence_cluster_candidate,diagnostic_only_until_group_balance_reviewed,EXACT_0013,CL80_0024
POSR01_0021,FFGT,4,1,positive_core,1,P02ACL_0031,1,1,0,no,test_when_fold_equals_p02a_hard_fold; train_otherwise,exact + provided same-length identity80 + substring-containment connected components,,FREEZESEQ000380,AODB,AODB,,,,,,,P02_sequence_cluster_candidate,diagnostic_only_until_group_balance_reviewed,EXACT_0039,CL80_0038
POSR01_0040,HYEG,4,1,positive_core,1,P02ACL_0035,1,1,0,no,test_when_fold_equals_p02a_hard_fold; train_otherwise,exact + provided same-length identity80 + substring-containment connected components,,FREEZESEQ000399,AODB; DFBP,AODB+DFBP,,,,,,,P02_sequence_cluster_candidate,diagnostic_only_until_group_balance_reviewed,EXACT_0062,CL80_0113
POSR01_0061,PLMW,4,1,positive_core,1,P02ACL_0039,1,1,0,no,test_when_fold_equals_p02a_hard_fold; train_otherwise,exact + provided same-length identity80 + substring-containment connected components,,FREEZESEQ000420,AODB,AODB,,,,,,,P02_sequence_cluster_candidate,diagnostic_only_until_group_balance_reviewed,EXACT_0108,CL80_0054
POSR01_0084,VVKL,4,1,positive_core,1,P02ACL_0043,1,1,0,no,test_when_fold_equals_p02a_hard_fold; train_otherwise,exact + provided same-length identity80 + substring-containment connected components,,FREEZESEQ000443,AODB; AnOxPePred; DFBP,AODB+AnOxPePred+DFBP,,,,,,,P02_sequence_cluster_candidate,diagnostic_only_until_group_balance_reviewed,EXACT_0151,CL80_0047
POSR01_0092,YAVT,4,1,positive_core,1,P02ACL_0047,1,1,0,no,test_when_fold_equals_p02a_hard_fold; train_otherwise,exact + provided same-length identity80 + substring-containment connected components,,FREEZESEQ000451,AODB,AODB,,,,,,,P02_sequence_cluster_candidate,diagnostic_only_until_group_balance_reviewed,EXACT_0159,CL80_0003
POSR01_0126,FDEQE,5,1,positive_core,1,P02ACL_0051,1,1,0,no,test_when_fold_equals_p02a_hard_fold; train_otherwise,exact + provided same-length identity80 + substring-containment connected components,,FREEZESEQ000485,AODB; AnOxPePred; BIOPEP-UWM; DFBP,AODB+AnOxPePred+BIOPEP-UWM+DFBP,,,,,,,P02_sequence_cluster_candidate,diagnostic_only_until_group_balance_reviewed,EXACT_0036,CL80_0008
POSR01_0139,GSGGL,5,1,positive_core,1,P02ACL_0055,1,1,0,no,test_when_fold_equals_p02a_hard_fold; train_otherwise,exact + provided same-length identity80 + substring-containment connected components,,FREEZESEQ000498,AODB; AnOxPePred; DFBP,AODB+AnOxPePred+DFBP,,,,,,,P02_sequence_cluster_candidate,diagnostic_only_until_group_balance_reviewed,EXACT_0054,CL80_0059
POSR01_0148,IIAEK,5,1,positive_core,1,P02ACL_0059,1,1,0,no,test_when_fold_equals_p02a_hard_fold; train_otherwise,exact + provided same-length identity80 + substring-containment connected components,,FREEZESEQ000507,AODB; DFBP,AODB+DFBP,,,,,,,P02_sequence_cluster_candidate,diagnostic_only_until_group_balance_reviewed,EXACT_0067,CL80_0114
POSR01_0167,LSRVP,5,1,positive_core,1,P02ACL_0063,1,1,0,no,test_when_fold_equals_p02a_hard_fold; train_otherwise,exact + provided same-length identity80 + substring-containment connected components,,FREEZESEQ000526,AODB,AODB,,,,,,,P02_sequence_cluster_candidate,diagnostic_only_until_group_balance_reviewed,EXACT_0094,CL80_0042
POSR01_0210,VIEPR,5,1,positive_core,1,P02ACL_0067,1,1,0,no,test_when_fold_equals_p02a_hard_fold; train_otherwise,exact + provided same-length identity80 + substring-containment connected components,,FREEZESEQ000569,AODB,AODB,,,,,,,P02_sequence_cluster_candidate,diagnostic_only_until_group_balance_reviewed,EXACT_0141,CL80_0015
POSR01_0257,FDGEVK,6,1,positive_core,1,P02ACL_0071,1,1,0,no,test_when_fold_equals_p02a_hard_fold; train_otherwise,exact + provided same-length identity80 + substring-containment connected components,,FREEZESEQ000616,AODB; BIOPEP-UWM; DFBP,AODB+BIOPEP-UWM+DFBP,,,,,,,P02_sequence_cluster_candidate,diagnostic_only_until_group_balance_reviewed,EXACT_0037,CL80_0011
POSR01_0277,IDDVLK,6,1,positive_core,1,P02ACL_0075,1,1,0,no,test_when_fold_equals_p02a_hard_fold; train_otherwise,exact + provided same-length identity80 + substring-containment connected components,,FREEZESEQ000636,AODB,AODB,,,,,,,P02_sequence_cluster_candidate,diagnostic_only_until_group_balance_reviewed,EXACT_0063,CL80_0134
POSR01_0323,TNGIIR,6,1,positive_core,1,P02ACL_0079,1,1,0,no,test_when_fold_equals_p02a_hard_fold; train_otherwise,exact + provided same-length identity80 + substring-containment connected components,,FREEZESEQ000682,AODB; DFBP,AODB+DFBP,,,,,,,P02_sequence_cluster_candidate,diagnostic_only_until_group_balance_reviewed,EXACT_0136,CL80_0105
POSR01_0396,SSGFTMQ,7,1,positive_core,1,P02ACL_0083,1,1,0,no,test_when_fold_equals_p02a_hard_fold; train_otherwise,exact + provided same-length identity80 + substring-containment connected components,,FREEZESEQ000755,AODB; DFBP,AODB+DFBP,,,,,,,P02_sequence_cluster_candidate,diagnostic_only_until_group_balance_reviewed,EXACT_0131,CL80_0127
POSR01_0431,CCCCSVQK,8,1,positive_core,1,P02ACL_0087,1,1,0,no,test_when_fold_equals_p02a_hard_fold; train_otherwise,exact + provided same-length identity80 + substring-containment connected components,,FREEZESEQ000790,AODB,AODB,,,,,,,P02_sequence_cluster_candidate,diagnostic_only_until_group_balance_reviewed,EXACT_0019,CL80_0066
POSR01_0455,MLKMLPFK,8,1,positive_core,1,P02ACL_0091,1,1,0,no,test_when_fold_equals_p02a_hard_fold; train_otherwise,exact + provided same-length identity80 + substring-containment connected components,,FREEZESEQ000814,AODB,AODB,,,,,,,P02_sequence_cluster_candidate,diagnostic_only_until_group_balance_reviewed,EXACT_0100,CL80_0012
POSR01_0475,TEAPLNPK,8,1,positive_core,1,P02ACL_0095,1,1,0,no,test_when_fold_equals_p02a_hard_fold; train_otherwise,exact + provided same-length identity80 + substring-containment connected components,,FREEZESEQ000834,AODB,AODB,,,,,,,P02_sequence_cluster_candidate,diagnostic_only_until_group_balance_reviewed,EXACT_0133,CL80_0109
POSR01_0518,LLRSVGVPL,9,1,positive_core,1,P02ACL_0099,1,1,0,no,test_when_fold_equals_p02a_hard_fold; train_otherwise,exact + provided same-length identity80 + substring-containment connected components,,FREEZESEQ000877,AODB; DFBP,AODB+DFBP,,,,,,,P02_sequence_cluster_candidate,diagnostic_only_until_group_balance_reviewed,EXACT_0089,CL80_0118
POSR01_0533,VLDTGLAGA,9,1,positive_core,1,P02ACL_0103,1,1,0,no,test_when_fold_equals_p02a_hard_fold; train_otherwise,exact + provided same-length identity80 + substring-containment connected components,,FREEZESEQ000892,AODB; BIOPEP-UWM; DFBP,AODB+BIOPEP-UWM+DFBP,,,,,,,P02_sequence_cluster_candidate,diagnostic_only_until_group_balance_reviewed,EXACT_0144,CL80_0117
POSR01_0560,DVCGRDVNGY,10,1,positive_core,1,P02ACL_0107,1,1,0,no,test_when_fold_equals_p02a_hard_fold; train_otherwise,exact + provided same-length identity80 + substring-containment connected components,,FREEZESEQ000919,AODB; DFBP,AODB+DFBP,,,,,,,P02_sequence_cluster_candidate,diagnostic_only_until_group_balance_reviewed,EXACT_0027,CL80_0035
POSR01_0589,RHPHPHLSFM,10,1,positive_core,1,P02ACL_0111,1,1,0,no,test_when_fold_equals_p02a_hard_fold; train_otherwise,exact + provided same-length identity80 + substring-containment connected components,,FREEZESEQ000948,AODB,AODB,,,,,,,P02_sequence_cluster_candidate,diagnostic_only_until_group_balance_reviewed,EXACT_0122,CL80_0143
POSR01_0603,WVRQAPGKGL,10,1,positive_core,1,P02ACL_0115,1,1,0,no,test_when_fold_equals_p02a_hard_fold; train_otherwise,exact + provided same-length identity80 + substring-containment connected components,,FREEZESEQ000962,AODB,AODB,,,,,,,P02_sequence_cluster_candidate,diagnostic_only_until_group_balance_reviewed,EXACT_0156,CL80_0103
POSR01_0657,YIQKEDVPSER,11,1,positive_core,1,P02ACL_0119,1,1,0,no,test_when_fold_equals_p02a_hard_fold; train_otherwise,exact + provided same-length identity80 + substring-containment connected components,,FREEZESEQ001016,AODB; DFBP,AODB+DFBP,,,,,,,P02_sequence_cluster_candidate,diagnostic_only_until_group_balance_reviewed,EXACT_0163,CL80_0089
POSR01_0677,FSDIPNPIGSEN,12,1,positive_core,1,P02ACL_0123,1,1,0,no,test_when_fold_equals_p02a_hard_fold; train_otherwise,exact + provided same-length identity80 + substring-containment connected components,,FREEZESEQ001036,AODB,AODB,,,,,,,P02_sequence_cluster_candidate,diagnostic_only_until_group_balance_reviewed,EXACT_0042,CL80_0065
POSR01_0720,GIWAPWPPRAGLC,13,1,positive_core,1,P02ACL_0127,1,1,0,no,test_when_fold_equals_p02a_hard_fold; train_otherwise,exact + provided same-length identity80 + substring-containment connected components,,FREEZESEQ001079,AODB,AODB,,,,,,,P02_sequence_cluster_candidate,diagnostic_only_until_group_balance_reviewed,EXACT_0049,CL80_0023
POSR01_0769,LVGDEQAVPAVCVP,14,1,positive_core,1,P02ACL_0131,1,1,0,no,test_when_fold_equals_p02a_hard_fold; train_otherwise,exact + provided same-length identity80 + substring-containment connected components,,FREEZESEQ001128,AODB; AnOxPePred; DFBP,AODB+AnOxPePred+DFBP,,,,,,,P02_sequence_cluster_candidate,diagnostic_only_until_group_balance_reviewed,EXACT_0095,CL80_0055
POSR01_0800,ESTVPERTHPACPDFN,16,1,positive_core,1,P02ACL_0135,1,1,0,no,test_when_fold_equals_p02a_hard_fold; train_otherwise,exact + provided same-length identity80 + substring-containment connected components,,FREEZESEQ001159,AODB; AnOxPePred; DFBP,AODB+AnOxPePred+DFBP,,,,,,,P02_sequence_cluster_candidate,diagnostic_only_until_group_balance_reviewed,EXACT_0034,CL80_0087
POSR01_0814,GFFKWHPRCGEEHSMWT,17,1,positive_core,1,P02ACL_0139,1,1,0,no,test_when_fold_equals_p02a_hard_fold; train_otherwise,exact + provided same-length identity80 + substring-containment connected components,,FREEZESEQ001173,AODB,AODB,,,,,,,P02_sequence_cluster_candidate,diagnostic_only_until_group_balance_reviewed,EXACT_0047,CL80_0005
POSR01_0836,VSYT,4,1,positive_core,1,P02ACL_0143,1,1,0,no,test_when_fold_equals_p02a_hard_fold; train_otherwise,exact + provided same-length identity80 + substring-containment connected components,,FREEZESEQ001344,AODB; DFBP,AODB+DFBP,,,,,,,P02_sequence_cluster_candidate,diagnostic_only_until_group_balance_reviewed,EXACT_0149,CL80_0104
POSR01_0855,PSLPA,5,1,positive_core,1,P02ACL_0147,1,1,0,no,test_when_fold_equals_p02a_hard_fold; train_otherwise,exact + provided same-length identity80 + substring-containment connected components,,FREEZESEQ001363,AODB; DFBP,AODB+DFBP,,,,,,,P02_sequence_cluster_candidate,diagnostic_only_until_group_balance_reviewed,EXACT_0111,CL80_0097
POSR01_0879,TRTGDPFF,8,1,positive_core,1,P02ACL_0151,1,1,0,no,test_when_fold_equals_p02a_hard_fold; train_otherwise,exact + provided same-length identity80 + substring-containment connected components,,FREEZESEQ001387,AODB; DFBP,AODB+DFBP,,,,,,,P02_sequence_cluster_candidate,diagnostic_only_until_group_balance_reviewed,EXACT_0137,CL80_0094
POSR01_0899,AGTTCLFTPLALPYDYSH,18,1,positive_core,1,P02ACL_0155,1,1,0,no,test_when_fold_equals_p02a_hard_fold; train_otherwise,exact + provided same-length identity80 + substring-containment connected components,,FREEZESEQ001407,AODB; DFBP,AODB+DFBP,,,,,,,P02_sequence_cluster_candidate,diagnostic_only_until_group_balance_reviewed,EXACT_0005,CL80_0058
NEGR01_0002,LKPTPEGDLEIL,12,0,negative_core,2,P02ACL_0002,3,0,3,no,test_when_fold_equals_p02a_hard_fold; train_otherwise,exact + provided same-length identity80 + substring-containment connected components,,,,,Beta-lactoglobulin,DPP-IV Inhibitory,Batch2_MBPD,medium,,Beta-lactoglobulin,P02_sequence_cluster_candidate,diagnostic_only_until_group_balance_reviewed,EXACT_0087,CL80_0160
NEGR01_0003,LKPTPEGDLE,10,0,negative_core,2,P02ACL_0002,3,0,3,no,test_when_fold_equals_p02a_hard_fold; train_otherwise,exact + provided same-length identity80 + substring-containment connected components,,,,,Beta-lactoglobulin,DPP-IV Inhibitory,Batch2_MBPD,medium,,Beta-lactoglobulin,P02_sequence_cluster_candidate,diagnostic_only_until_group_balance_reviewed,EXACT_0086,CL80_0154
NEGR01_0004,LKPTPEGDL,9,0,negative_core,2,P02ACL_0002,3,0,3,no,test_when_fold_equals_p02a_hard_fold; train_otherwise,exact + provided same-length identity80 + substring-containment connected components,,,,,Beta-lactoglobulin,DPP-IV Inhibitory,Batch2_MBPD,medium,,Beta-lactoglobulin,P02_sequence_cluster_candidate,diagnostic_only_until_group_balance_reviewed,EXACT_0085,CL80_0172
NEGR01_0001,VLVLDTDYK,9,0,negative_core,2,P02ACL_0005,2,0,2,no,test_when_fold_equals_p02a_hard_fold; train_otherwise,exact + provided same-length identity80 + substring-containment connected components,,,,,Beta-lactoglobulin,DPP-IV Inhibitory,Batch2_MBPD,high,,Beta-lactoglobulin,P02_sequence_cluster_candidate,diagnostic_only_until_group_balance_reviewed,EXACT_0145,CL80_0166
SENSR01_0001,VLDTDY,6,0,negative_sensitivity,2,P02ACL_0005,2,0,2,no,test_when_fold_equals_p02a_hard_fold; train_otherwise,exact + provided same-length identity80 + substring-containment connected components,,,,,Beta-lactoglobulin,DPP-IV Inhibitory,Batch2_MBPD,medium,dual_function_watchlist_v1,Beta-lactoglobulin,P02_sequence_cluster_candidate,diagnostic_only_until_group_balance_reviewed,EXACT_0143,CL80_0174
NEGR01_0008,YPSYGLN,7,0,negative_core,2,P02ACL_0009,1,0,1,no,test_when_fold_equals_p02a_hard_fold; train_otherwise,exact + provided same-length identity80 + substring-containment connected components,,,,,Kappa-casein,Opioid,Batch3_MBPD,medium,,Kappa-casein,P02_sequence_cluster_candidate,diagnostic_only_until_group_balance_reviewed,EXACT_0172,CL80_0163
NEGR01_0018,PGPIPN,6,0,negative_core,2,P02ACL_0013,1,0,1,no,test_when_fold_equals_p02a_hard_fold; train_otherwise,exact + provided same-length identity80 + substring-containment connected components,,,,,Beta-casein,Immunomodulatory,Batch4_MBPD,medium,,Beta-casein,P02_sequence_cluster_candidate,diagnostic_only_until_group_balance_reviewed,EXACT_0106,CL80_0152
NEGR01_0028,HQPHQPLPPTVMFPPQ,16,0,negative_core,2,P02ACL_0017,1,0,1,no,test_when_fold_equals_p02a_hard_fold; train_otherwise,exact + provided same-length identity80 + substring-containment connected components,,,,,Beta-casein,Immunomodulatory,Batch4_MBPD,medium,,Beta-casein,P02_sequence_cluster_candidate,diagnostic_only_until_group_balance_reviewed,EXACT_0060,CL80_0169
POSR01_0101,YPEL,4,1,positive_core,2,P02ACL_0021,3,3,0,no,test_when_fold_equals_p02a_hard_fold; train_otherwise,exact + provided same-length identity80 + substring-containment connected components,,FREEZESEQ000460,AODB; AnOxPePred; DFBP,AODB+AnOxPePred+DFBP,,,,,,,P02_sequence_cluster_candidate,diagnostic_only_until_group_balance_reviewed,EXACT_0168,CL80_0110
POSR01_0250,AYFYPE,6,1,positive_core,2,P02ACL_0021,3,3,0,no,test_when_fold_equals_p02a_hard_fold; train_otherwise,exact + provided same-length identity80 + substring-containment connected components,,FREEZESEQ000609,AODB; AnOxPePred; DFBP,AODB+AnOxPePred+DFBP,,,,,,,P02_sequence_cluster_candidate,diagnostic_only_until_group_balance_reviewed,EXACT_0017,CL80_0009
POSR01_0356,AYFYPEL,7,1,positive_core,2,P02ACL_0021,3,3,0,no,test_when_fold_equals_p02a_hard_fold; train_otherwise,exact + provided same-length identity80 + substring-containment connected components,,FREEZESEQ000715,AODB; AnOxPePred; DFBP,AODB+AnOxPePred+DFBP,,,,,,,P02_sequence_cluster_candidate,diagnostic_only_until_group_balance_reviewed,EXACT_0018,CL80_0070
POSR01_0004,ATVY,4,1,positive_core,2,P02ACL_0027,1,1,0,no,test_when_fold_equals_p02a_hard_fold; train_otherwise,exact + provided same-length identity80 + substring-containment connected components,,FREEZESEQ000363,AODB,AODB,,,,,,,P02_sequence_cluster_candidate,diagnostic_only_until_group_balance_reviewed,EXACT_0015,CL80_0075
POSR01_0010,DDDY,4,1,positive_core,2,P02ACL_0028,1,1,0,no,test_when_fold_equals_p02a_hard_fold; train_otherwise,exact + provided same-length identity80 + substring-containment connected components,,FREEZESEQ000369,AODB,AODB,,,,,,,P02_sequence_cluster_candidate,diagnostic_only_until_group_balance_reviewed,EXACT_0021,CL80_0016
POSR01_0031,FYKA,4,1,positive_core,2,P02ACL_0032,1,1,0,no,test_when_fold_equals_p02a_hard_fold; train_otherwise,exact + provided same-length identity80 + substring-containment connected components,,FREEZESEQ000390,AODB,AODB,,,,,,,P02_sequence_cluster_candidate,diagnostic_only_until_group_balance_reviewed,EXACT_0044,CL80_0036
POSR01_0043,IYPF,4,1,positive_core,2,P02ACL_0036,1,1,0,no,test_when_fold_equals_p02a_hard_fold; train_otherwise,exact + provided same-length identity80 + substring-containment connected components,,FREEZESEQ000402,AODB; AnOxPePred; DFBP,AODB+AnOxPePred+DFBP,,,,,,,P02_sequence_cluster_candidate,diagnostic_only_until_group_balance_reviewed,EXACT_0074,CL80_0001
POSR01_0064,QAEP,4,1,positive_core,2,P02ACL_0040,1,1,0,no,test_when_fold_equals_p02a_hard_fold; train_otherwise,exact + provided same-length identity80 + substring-containment connected components,,FREEZESEQ000423,AODB,AODB,,,,,,,P02_sequence_cluster_candidate,diagnostic_only_until_group_balance_reviewed,EXACT_0113,CL80_0040
POSR01_0087,WDVK,4,1,positive_core,2,P02ACL_0044,1,1,0,no,test_when_fold_equals_p02a_hard_fold; train_otherwise,exact + provided same-length identity80 + substring-containment connected components,,FREEZESEQ000446,AODB,AODB,,,,,,,P02_sequence_cluster_candidate,diagnostic_only_until_group_balance_reviewed,EXACT_0153,CL80_0084
POSR01_0104,YPYY,4,1,positive_core,2,P02ACL_0048,1,1,0,no,test_when_fold_equals_p02a_hard_fold; train_otherwise,exact + provided same-length identity80 + substring-containment connected components,,FREEZESEQ000463,AODB; DFBP,AODB+DFBP,,,,,,,P02_sequence_cluster_candidate,diagnostic_only_until_group_balance_reviewed,EXACT_0173,CL80_0135
POSR01_0128,FGERR,5,1,positive_core,2,P02ACL_0052,1,1,0,no,test_when_fold_equals_p02a_hard_fold; train_otherwise,exact + provided same-length identity80 + substring-containment connected components,,FREEZESEQ000487,AODB; DFBP,AODB+DFBP,,,,,,,P02_sequence_cluster_candidate,diagnostic_only_until_group_balance_reviewed,EXACT_0040,CL80_0067
POSR01_0140,GVPFW,5,1,positive_core,2,P02ACL_0056,1,1,0,no,test_when_fold_equals_p02a_hard_fold; train_otherwise,exact + provided same-length identity80 + substring-containment connected components,,FREEZESEQ000499,AODB,AODB,,,,,,,P02_sequence_cluster_candidate,diagnostic_only_until_group_balance_reviewed,EXACT_0058,CL80_0057
POSR01_0151,IVEYF,5,1,positive_core,2,P02ACL_0060,1,1,0,no,test_when_fold_equals_p02a_hard_fold; train_otherwise,exact + provided same-length identity80 + substring-containment connected components,,FREEZESEQ000510,AODB; AnOxPePred; DFBP,AODB+AnOxPePred+DFBP,,,,,,,P02_sequence_cluster_candidate,diagnostic_only_until_group_balance_reviewed,EXACT_0072,CL80_0028
POSR01_0183,PYFNK,5,1,positive_core,2,P02ACL_0064,1,1,0,no,test_when_fold_equals_p02a_hard_fold; train_otherwise,exact + provided same-length identity80 + substring-containment connected components,,FREEZESEQ000542,AODB; AnOxPePred; DFBP,AODB+AnOxPePred+DFBP,,,,,,,P02_sequence_cluster_candidate,diagnostic_only_until_group_balance_reviewed,EXACT_0112,CL80_0062
POSR01_0220,WEGPK,5,1,positive_core,2,P02ACL_0068,1,1,0,no,test_when_fold_equals_p02a_hard_fold; train_otherwise,exact + provided same-length identity80 + substring-containment connected components,,FREEZESEQ000579,AODB; AnOxPePred; DFBP,AODB+AnOxPePred+DFBP,,,,,,,P02_sequence_cluster_candidate,diagnostic_only_until_group_balance_reviewed,EXACT_0154,CL80_0019
POSR01_0258,FDPFPK,6,1,positive_core,2,P02ACL_0072,1,1,0,no,test_when_fold_equals_p02a_hard_fold; train_otherwise,exact + provided same-length identity80 + substring-containment connected components,,FREEZESEQ000617,AODB,AODB,,,,,,,P02_sequence_cluster_candidate,diagnostic_only_until_group_balance_reviewed,EXACT_0038,CL80_0120
POSR01_0287,LELPLK,6,1,positive_core,2,P02ACL_0076,1,1,0,no,test_when_fold_equals_p02a_hard_fold; train_otherwise,exact + provided same-length identity80 + substring-containment connected components,,FREEZESEQ000646,AODB; DFBP,AODB+DFBP,,,,,,,P02_sequence_cluster_candidate,diagnostic_only_until_group_balance_reviewed,EXACT_0082,CL80_0045
POSR01_0329,VGPWQK,6,1,positive_core,2,P02ACL_0080,1,1,0,no,test_when_fold_equals_p02a_hard_fold; train_otherwise,exact + provided same-length identity80 + substring-containment connected components,,FREEZESEQ000688,AODB,AODB,,,,,,,P02_sequence_cluster_candidate,diagnostic_only_until_group_balance_reviewed,EXACT_0140,CL80_0063
POSR01_0400,TIIPLPV,7,1,positive_core,2,P02ACL_0084,1,1,0,no,test_when_fold_equals_p02a_hard_fold; train_otherwise,exact + provided same-length identity80 + substring-containment connected components,,FREEZESEQ000759,AODB; AnOxPePred; DFBP,AODB+AnOxPePred+DFBP,,,,,,,P02_sequence_cluster_candidate,diagnostic_only_until_group_balance_reviewed,EXACT_0134,CL80_0095
POSR01_0436,EAPLNPKA,8,1,positive_core,2,P02ACL_0088,1,1,0,no,test_when_fold_equals_p02a_hard_fold; train_otherwise,exact + provided same-length identity80 + substring-containment connected components,,FREEZESEQ000795,AODB,AODB,,,,,,,P02_sequence_cluster_candidate,diagnostic_only_until_group_balance_reviewed,EXACT_0030,CL80_0034
POSR01_0460,PKLPPVKK,8,1,positive_core,2,P02ACL_0092,1,1,0,no,test_when_fold_equals_p02a_hard_fold; train_otherwise,exact + provided same-length identity80 + substring-containment connected components,,FREEZESEQ000819,AODB; AnOxPePred; DFBP,AODB+AnOxPePred+DFBP,,,,,,,P02_sequence_cluster_candidate,diagnostic_only_until_group_balance_reviewed,EXACT_0107,CL80_0100
POSR01_0477,VAPEEHPV,8,1,positive_core,2,P02ACL_0096,1,1,0,no,test_when_fold_equals_p02a_hard_fold; train_otherwise,exact + provided same-length identity80 + substring-containment connected components,,FREEZESEQ000836,AODB,AODB,,,,,,,P02_sequence_cluster_candidate,diagnostic_only_until_group_balance_reviewed,EXACT_0139,CL80_0082
POSR01_0520,LQPGQGQQG,9,1,positive_core,2,P02ACL_0100,1,1,0,no,test_when_fold_equals_p02a_hard_fold; train_otherwise,exact + provided same-length identity80 + substring-containment connected components,,FREEZESEQ000879,AODB; AnOxPePred; DFBP,AODB+AnOxPePred+DFBP,,,,,,,P02_sequence_cluster_candidate,diagnostic_only_until_group_balance_reviewed,EXACT_0092,CL80_0039
POSR01_0544,YGGVSLPEW,9,1,positive_core,2,P02ACL_0104,1,1,0,no,test_when_fold_equals_p02a_hard_fold; train_otherwise,exact + provided same-length identity80 + substring-containment connected components,,FREEZESEQ000903,AODB; DFBP,AODB+DFBP,,,,,,,P02_sequence_cluster_candidate,diagnostic_only_until_group_balance_reviewed,EXACT_0161,CL80_0107
POSR01_0571,KYIPIQYVLS,10,1,positive_core,2,P02ACL_0108,1,1,0,no,test_when_fold_equals_p02a_hard_fold; train_otherwise,exact + provided same-length identity80 + substring-containment connected components,,FREEZESEQ000930,AODB,AODB,,,,,,,P02_sequence_cluster_candidate,diagnostic_only_until_group_balance_reviewed,EXACT_0079,CL80_0092
POSR01_0591,RQSHFANAQP,10,1,positive_core,2,P02ACL_0112,1,1,0,no,test_when_fold_equals_p02a_hard_fold; train_otherwise,exact + provided same-length identity80 + substring-containment connected components,,FREEZESEQ000950,AODB; DFBP,AODB+DFBP,,,,,,,P02_sequence_cluster_candidate,diagnostic_only_until_group_balance_reviewed,EXACT_0123,CL80_0076
POSR01_0611,YSEEQQPSTR,10,1,positive_core,2,P02ACL_0116,1,1,0,no,test_when_fold_equals_p02a_hard_fold; train_otherwise,exact + provided same-length identity80 + substring-containment connected components,,FREEZESEQ000970,AODB; DFBP,AODB+DFBP,,,,,,,P02_sequence_cluster_candidate,diagnostic_only_until_group_balance_reviewed,EXACT_0175,CL80_0013
POSR01_0662,AADNANELFPPN,12,1,positive_core,2,P02ACL_0120,1,1,0,no,test_when_fold_equals_p02a_hard_fold; train_otherwise,exact + provided same-length identity80 + substring-containment connected components,,FREEZESEQ001021,AODB; AnOxPePred; DFBP,AODB+AnOxPePred+DFBP,,,,,,,P02_sequence_cluster_candidate,diagnostic_only_until_group_balance_reviewed,EXACT_0001,CL80_0061
POSR01_0688,KEFLLAGNNNRA,12,1,positive_core,2,P02ACL_0124,1,1,0,no,test_when_fold_equals_p02a_hard_fold; train_otherwise,exact + provided same-length identity80 + substring-containment connected components,,FREEZESEQ001047,AODB; DFBP,AODB+DFBP,,,,,,,P02_sequence_cluster_candidate,diagnostic_only_until_group_balance_reviewed,EXACT_0076,CL80_0139
POSR01_0740,SEALGVSSQVARQ,13,1,positive_core,2,P02ACL_0128,1,1,0,no,test_when_fold_equals_p02a_hard_fold; train_otherwise,exact + provided same-length identity80 + substring-containment connected components,,FREEZESEQ001099,AODB; DFBP,AODB+DFBP,,,,,,,P02_sequence_cluster_candidate,diagnostic_only_until_group_balance_reviewed,EXACT_0129,CL80_0021
POSR01_0780,AGGGGGGGGGGGKNL,15,1,positive_core,2,P02ACL_0132,1,1,0,no,test_when_fold_equals_p02a_hard_fold; train_otherwise,exact + provided same-length identity80 + substring-containment connected components,,FREEZESEQ001139,AODB,AODB,,,,,,,P02_sequence_cluster_candidate,diagnostic_only_until_group_balance_reviewed,EXACT_0004,CL80_0078
POSR01_0801,GEPGPPGPPGPPGPPG,16,1,positive_core,2,P02ACL_0136,1,1,0,no,test_when_fold_equals_p02a_hard_fold; train_otherwise,exact + provided same-length identity80 + substring-containment connected components,,FREEZESEQ001160,AODB; DFBP,AODB+DFBP,,,,,,,P02_sequence_cluster_candidate,diagnostic_only_until_group_balance_reviewed,EXACT_0046,CL80_0025
POSR01_0823,IWCKDDQNPHSSNISCDKF,19,1,positive_core,2,P02ACL_0140,1,1,0,no,test_when_fold_equals_p02a_hard_fold; train_otherwise,exact + provided same-length identity80 + substring-containment connected components,,FREEZESEQ001182,AODB; DFBP,AODB+DFBP,,,,,,,P02_sequence_cluster_candidate,diagnostic_only_until_group_balance_reviewed,EXACT_0073,CL80_0018
POSR01_0839,EVPKA,5,1,positive_core,2,P02ACL_0144,1,1,0,no,test_when_fold_equals_p02a_hard_fold; train_otherwise,exact + provided same-length identity80 + substring-containment connected components,,FREEZESEQ001347,AODB; DFBP,AODB+DFBP,,,,,,,P02_sequence_cluster_candidate,diagnostic_only_until_group_balance_reviewed,EXACT_0035,CL80_0116
POSR01_0860,LKKISQ,6,1,positive_core,2,P02ACL_0148,1,1,0,no,test_when_fold_equals_p02a_hard_fold; train_otherwise,exact + provided same-length identity80 + substring-containment connected components,,FREEZESEQ001368,AODB; DFBP,AODB+DFBP,,,,,,,P02_sequence_cluster_candidate,diagnostic_only_until_group_balance_reviewed,EXACT_0084,CL80_0020
POSR01_0881,VQVTSTAV,8,1,positive_core,2,P02ACL_0152,1,1,0,no,test_when_fold_equals_p02a_hard_fold; train_otherwise,exact + provided same-length identity80 + substring-containment connected components,,FREEZESEQ001389,AODB; DFBP,AODB+DFBP,,,,,,,P02_sequence_cluster_candidate,diagnostic_only_until_group_balance_reviewed,EXACT_0148,CL80_0033
NEGR01_0005,IPAVFKIDA,9,0,negative_core,3,P02ACL_0003,3,0,3,no,test_when_fold_equals_p02a_hard_fold; train_otherwise,exact + provided same-length identity80 + substring-containment connected components,,,,,Beta-lactoglobulin,DPP-IV Inhibitory,Batch2_MBPD,medium,,Beta-lactoglobulin,P02_sequence_cluster_candidate,diagnostic_only_until_group_balance_reviewed,EXACT_0070,CL80_0171
NEGR01_0006,IPAVF,5,0,negative_core,3,P02ACL_0003,3,0,3,no,test_when_fold_equals_p02a_hard_fold; train_otherwise,exact + provided same-length identity80 + substring-containment connected components,,,,,Beta-lactoglobulin,DPP-IV Inhibitory,Batch2_MBPD,high,,Beta-lactoglobulin,P02_sequence_cluster_candidate,diagnostic_only_until_group_balance_reviewed,EXACT_0069,CL80_0161
NEGR01_0024,IPAV,4,0,negative_core,3,P02ACL_0003,3,0,3,no,test_when_fold_equals_p02a_hard_fold; train_otherwise,exact + provided same-length identity80 + substring-containment connected components,,,,,Beta-lactoglobulin,Immunomodulatory,Batch4_MBPD,high,,Beta-lactoglobulin,P02_sequence_cluster_candidate,diagnostic_only_until_group_balance_reviewed,EXACT_0068,CL80_0158
NEGR01_0021,DQWL,4,0,negative_core,3,P02ACL_0006,2,0,2,no,test_when_fold_equals_p02a_hard_fold; train_otherwise,exact + provided same-length identity80 + substring-containment connected components,,,,,Alpha-lactalbumin,Immunomodulatory,Batch4_MBPD,high,,Alpha-lactalbumin,P02_sequence_cluster_candidate,diagnostic_only_until_group_balance_reviewed,EXACT_0025,CL80_0151
NEGR01_0025,LDQWLCEK,8,0,negative_core,3,P02ACL_0006,2,0,2,no,test_when_fold_equals_p02a_hard_fold; train_otherwise,exact + provided same-length identity80 + substring-containment connected components,,,,,Alpha-lactalbumin,Immunomodulatory,Batch4_MBPD,medium,,Alpha-lactalbumin,P02_sequence_cluster_candidate,diagnostic_only_until_group_balance_reviewed,EXACT_0081,CL80_0148
NEGR01_0009,YIPIQYVLSR,10,0,negative_core,3,P02ACL_0010,1,0,1,no,test_when_fold_equals_p02a_hard_fold; train_otherwise,exact + provided same-length identity80 + substring-containment connected components,,,,,Kappa-casein,Opioid,Batch3_MBPD,medium,,Kappa-casein,P02_sequence_cluster_candidate,diagnostic_only_until_group_balance_reviewed,EXACT_0162,CL80_0164
NEGR01_0020,KVLPVPQ,7,0,negative_core,3,P02ACL_0014,1,0,1,no,test_when_fold_equals_p02a_hard_fold; train_otherwise,exact + provided same-length identity80 + substring-containment connected components,,,,,Beta-casein,Immunomodulatory,Batch4_MBPD,medium,,Beta-casein,P02_sequence_cluster_candidate,diagnostic_only_until_group_balance_reviewed,EXACT_0078,CL80_0150
NEGR01_0029,MAIPPKKNQDK,11,0,negative_core,3,P02ACL_0018,1,0,1,no,test_when_fold_equals_p02a_hard_fold; train_otherwise,exact + provided same-length identity80 + substring-containment connected components,,,,,Kappa-casein,Antithrombotic,Batch5_MBPD,high,,Kappa-casein,P02_sequence_cluster_candidate,diagnostic_only_until_group_balance_reviewed,EXACT_0098,CL80_0170
POSR01_0002,ADHP,4,1,positive_core,3,P02ACL_0022,2,2,0,no,test_when_fold_equals_p02a_hard_fold; train_otherwise,exact + provided same-length identity80 + substring-containment connected components,,FREEZESEQ000361,AODB; AnOxPePred; DFBP,AODB+AnOxPePred+DFBP,,,,,,,P02_sequence_cluster_candidate,diagnostic_only_until_group_balance_reviewed,EXACT_0002,CL80_0131
POSR01_0392,RADHPFL,7,1,positive_core,3,P02ACL_0022,2,2,0,no,test_when_fold_equals_p02a_hard_fold; train_otherwise,exact + provided same-length identity80 + substring-containment connected components,,FREEZESEQ000751,AODB; AnOxPePred; DFBP,AODB+AnOxPePred+DFBP,,,,,,,P02_sequence_cluster_candidate,diagnostic_only_until_group_balance_reviewed,EXACT_0119,CL80_0069
POSR01_0113,AGWNI,5,1,positive_core,3,P02ACL_0024,2,2,0,no,test_when_fold_equals_p02a_hard_fold; train_otherwise,exact + provided same-length identity80 + substring-containment connected components,,FREEZESEQ000472,AODB; AnOxPePred; DFBP,AODB+AnOxPePred+DFBP,,,,,,,P02_sequence_cluster_candidate,diagnostic_only_until_group_balance_reviewed,EXACT_0006,CL80_0133
POSR01_0247,AGWNIP,6,1,positive_core,3,P02ACL_0024,2,2,0,no,test_when_fold_equals_p02a_hard_fold; train_otherwise,exact + provided same-length identity80 + substring-containment connected components,,FREEZESEQ000606,AODB; AnOxPePred; DFBP,AODB+AnOxPePred+DFBP,,,,,,,P02_sequence_cluster_candidate,diagnostic_only_until_group_balance_reviewed,EXACT_0007,CL80_0031
POSR01_0011,DHHK,4,1,positive_core,3,P02ACL_0029,1,1,0,no,test_when_fold_equals_p02a_hard_fold; train_otherwise,exact + provided same-length identity80 + substring-containment connected components,,FREEZESEQ000370,AODB; AnOxPePred; DFBP,AODB+AnOxPePred+DFBP,,,,,,,P02_sequence_cluster_candidate,diagnostic_only_until_group_balance_reviewed,EXACT_0022,CL80_0083
POSR01_0035,GGRP,4,1,positive_core,3,P02ACL_0033,1,1,0,no,test_when_fold_equals_p02a_hard_fold; train_otherwise,exact + provided same-length identity80 + substring-containment connected components,,FREEZESEQ000394,AODB,AODB,,,,,,,P02_sequence_cluster_candidate,diagnostic_only_until_group_balance_reviewed,EXACT_0048,CL80_0128
POSR01_0046,LARL,4,1,positive_core,3,P02ACL_0037,1,1,0,no,test_when_fold_equals_p02a_hard_fold; train_otherwise,exact + provided same-length identity80 + substring-containment connected components,,FREEZESEQ000405,AODB; AnOxPePred; DFBP,AODB+AnOxPePred+DFBP,,,,,,,P02_sequence_cluster_candidate,diagnostic_only_until_group_balance_reviewed,EXACT_0080,CL80_0121
POSR01_0066,QFAW,4,1,positive_core,3,P02ACL_0041,1,1,0,no,test_when_fold_equals_p02a_hard_fold; train_otherwise,exact + provided same-length identity80 + substring-containment connected components,,FREEZESEQ000425,AODB; DFBP,AODB+DFBP,,,,,,,P02_sequence_cluster_candidate,diagnostic_only_until_group_balance_reviewed,EXACT_0115,CL80_0129
POSR01_0090,WYSL,4,1,positive_core,3,P02ACL_0045,1,1,0,no,test_when_fold_equals_p02a_hard_fold; train_otherwise,exact + provided same-length identity80 + substring-containment connected components,,FREEZESEQ000449,AODB; AnOxPePred; DFBP,AODB+AnOxPePred+DFBP,,,,,,,P02_sequence_cluster_candidate,diagnostic_only_until_group_balance_reviewed,EXACT_0157,CL80_0144
POSR01_0110,YVPR,4,1,positive_core,3,P02ACL_0049,1,1,0,no,test_when_fold_equals_p02a_hard_fold; train_otherwise,exact + provided same-length identity80 + substring-containment connected components,,FREEZESEQ000469,AODB,AODB,,,,,,,P02_sequence_cluster_candidate,diagnostic_only_until_group_balance_reviewed,EXACT_0176,CL80_0125
POSR01_0132,FVAGK,5,1,positive_core,3,P02ACL_0053,1,1,0,no,test_when_fold_equals_p02a_hard_fold; train_otherwise,exact + provided same-length identity80 + substring-containment connected components,,FREEZESEQ000491,AODB; AnOxPePred; DFBP,AODB+AnOxPePred+DFBP,,,,,,,P02_sequence_cluster_candidate,diagnostic_only_until_group_balance_reviewed,EXACT_0043,CL80_0091
POSR01_0141,GVPLT,5,1,positive_core,3,P02ACL_0057,1,1,0,no,test_when_fold_equals_p02a_hard_fold; train_otherwise,exact + provided same-length identity80 + substring-containment connected components,,FREEZESEQ000500,AODB; AnOxPePred; DFBP,AODB+AnOxPePred+DFBP,,,,,,,P02_sequence_cluster_candidate,diagnostic_only_until_group_balance_reviewed,EXACT_0059,CL80_0049
POSR01_0155,KDVPP,5,1,positive_core,3,P02ACL_0061,1,1,0,no,test_when_fold_equals_p02a_hard_fold; train_otherwise,exact + provided same-length identity80 + substring-containment connected components,,FREEZESEQ000514,AODB; AnOxPePred; DFBP,AODB+AnOxPePred+DFBP,,,,,,,P02_sequence_cluster_candidate,diagnostic_only_until_group_balance_reviewed,EXACT_0075,CL80_0046
POSR01_0187,QIESW,5,1,positive_core,3,P02ACL_0065,1,1,0,no,test_when_fold_equals_p02a_hard_fold; train_otherwise,exact + provided same-length identity80 + substring-containment connected components,,FREEZESEQ000546,AODB,AODB,,,,,,,P02_sequence_cluster_candidate,diagnostic_only_until_group_balance_reviewed,EXACT_0117,CL80_0093
POSR01_0230,YGGFL,5,1,positive_core,3,P02ACL_0069,1,1,0,no,test_when_fold_equals_p02a_hard_fold; train_otherwise,exact + provided same-length identity80 + substring-containment connected components,,FREEZESEQ000589,AODB; AnOxPePred; DFBP,AODB+AnOxPePred+DFBP,,,,,,,P02_sequence_cluster_candidate,diagnostic_only_until_group_balance_reviewed,EXACT_0160,CL80_0060
POSR01_0264,FPWLLS,6,1,positive_core,3,P02ACL_0073,1,1,0,no,test_when_fold_equals_p02a_hard_fold; train_otherwise,exact + provided same-length identity80 + substring-containment connected components,,FREEZESEQ000623,AODB,AODB,,,,,,,P02_sequence_cluster_candidate,diagnostic_only_until_group_balance_reviewed,EXACT_0041,CL80_0037
POSR01_0306,PPHMLP,6,1,positive_core,3,P02ACL_0077,1,1,0,no,test_when_fold_equals_p02a_hard_fold; train_otherwise,exact + provided same-length identity80 + substring-containment connected components,,FREEZESEQ000665,AODB; DFBP,AODB+DFBP,,,,,,,P02_sequence_cluster_candidate,diagnostic_only_until_group_balance_reviewed,EXACT_0109,CL80_0138
POSR01_0331,VPLSPT,6,1,positive_core,3,P02ACL_0081,1,1,0,no,test_when_fold_equals_p02a_hard_fold; train_otherwise,exact + provided same-length identity80 + substring-containment connected components,,FREEZESEQ000690,AODB; BIOPEP-UWM; DFBP,AODB+BIOPEP-UWM+DFBP,,,,,,,P02_sequence_cluster_candidate,diagnostic_only_until_group_balance_reviewed,EXACT_0146,CL80_0119
POSR01_0410,VVALALI,7,1,positive_core,3,P02ACL_0085,1,1,0,no,test_when_fold_equals_p02a_hard_fold; train_otherwise,exact + provided same-length identity80 + substring-containment connected components,,FREEZESEQ000769,AODB; DFBP,AODB+DFBP,,,,,,,P02_sequence_cluster_candidate,diagnostic_only_until_group_balance_reviewed,EXACT_0150,CL80_0130
POSR01_0447,HVRETALV,8,1,positive_core,3,P02ACL_0089,1,1,0,no,test_when_fold_equals_p02a_hard_fold; train_otherwise,exact + provided same-length identity80 + substring-containment connected components,,FREEZESEQ000806,AODB; AnOxPePred; DFBP,AODB+AnOxPePred+DFBP,,,,,,,P02_sequence_cluster_candidate,diagnostic_only_until_group_balance_reviewed,EXACT_0061,CL80_0022
POSR01_0464,PSHDAHPE,8,1,positive_core,3,P02ACL_0093,1,1,0,no,test_when_fold_equals_p02a_hard_fold; train_otherwise,exact + provided same-length identity80 + substring-containment connected components,,FREEZESEQ000823,AODB; AnOxPePred; DFBP,AODB+AnOxPePred+DFBP,,,,,,,P02_sequence_cluster_candidate,diagnostic_only_until_group_balance_reviewed,EXACT_0110,CL80_0086
POSR01_0481,VKEAMAPK,8,1,positive_core,3,P02ACL_0097,1,1,0,no,test_when_fold_equals_p02a_hard_fold; train_otherwise,exact + provided same-length identity80 + substring-containment connected components,,FREEZESEQ000840,AODB; AnOxPePred; DFBP,AODB+AnOxPePred+DFBP,,,,,,,P02_sequence_cluster_candidate,diagnostic_only_until_group_balance_reviewed,EXACT_0142,CL80_0044
POSR01_0524,PFPEVFGKE,9,1,positive_core,3,P02ACL_0101,1,1,0,no,test_when_fold_equals_p02a_hard_fold; train_otherwise,exact + provided same-length identity80 + substring-containment connected components,,FREEZESEQ000883,AODB,AODB,,,,,,,P02_sequence_cluster_candidate,diagnostic_only_until_group_balance_reviewed,EXACT_0105,CL80_0074
POSR01_0553,AWEEREQGSR,10,1,positive_core,3,P02ACL_0105,1,1,0,no,test_when_fold_equals_p02a_hard_fold; train_otherwise,exact + provided same-length identity80 + substring-containment connected components,,FREEZESEQ000912,AODB; AnOxPePred; DFBP,AODB+AnOxPePred+DFBP,,,,,,,P02_sequence_cluster_candidate,diagnostic_only_until_group_balance_reviewed,EXACT_0016,CL80_0102
POSR01_0577,MYVVELMMSF,10,1,positive_core,3,P02ACL_0109,1,1,0,no,test_when_fold_equals_p02a_hard_fold; train_otherwise,exact + provided same-length identity80 + substring-containment connected components,,FREEZESEQ000936,AODB; DFBP,AODB+DFBP,,,,,,,P02_sequence_cluster_candidate,diagnostic_only_until_group_balance_reviewed,EXACT_0102,CL80_0043
POSR01_0593,SDITRPGGNM,10,1,positive_core,3,P02ACL_0113,1,1,0,no,test_when_fold_equals_p02a_hard_fold; train_otherwise,exact + provided same-length identity80 + substring-containment connected components,,FREEZESEQ000952,AODB,AODB,,,,,,,P02_sequence_cluster_candidate,diagnostic_only_until_group_balance_reviewed,EXACT_0128,CL80_0142
POSR01_0618,EDELQDKIHPF,11,1,positive_core,3,P02ACL_0117,1,1,0,no,test_when_fold_equals_p02a_hard_fold; train_otherwise,exact + provided same-length identity80 + substring-containment connected components,,FREEZESEQ000977,AODB,AODB,,,,,,,P02_sequence_cluster_candidate,diagnostic_only_until_group_balance_reviewed,EXACT_0031,CL80_0098
POSR01_0664,AGEQGFEYVTFR,12,1,positive_core,3,P02ACL_0121,1,1,0,no,test_when_fold_equals_p02a_hard_fold; train_otherwise,exact + provided same-length identity80 + substring-containment connected components,,FREEZESEQ001023,AODB,AODB,,,,,,,P02_sequence_cluster_candidate,diagnostic_only_until_group_balance_reviewed,EXACT_0003,CL80_0122
POSR01_0696,NMAVPDALAGPL,12,1,positive_core,3,P02ACL_0125,1,1,0,no,test_when_fold_equals_p02a_hard_fold; train_otherwise,exact + provided same-length identity80 + substring-containment connected components,,FREEZESEQ001055,AODB; DFBP,AODB+DFBP,,,,,,,P02_sequence_cluster_candidate,diagnostic_only_until_group_balance_reviewed,EXACT_0103,CL80_0115
POSR01_0741,SMLGDGTLPPDLA,13,1,positive_core,3,P02ACL_0129,1,1,0,no,test_when_fold_equals_p02a_hard_fold; train_otherwise,exact + provided same-length identity80 + substring-containment connected components,,FREEZESEQ001100,AODB; DFBP,AODB+DFBP,,,,,,,P02_sequence_cluster_candidate,diagnostic_only_until_group_balance_reviewed,EXACT_0130,CL80_0017
POSR01_0781,AIEWEGIESGSVEQA,15,1,positive_core,3,P02ACL_0133,1,1,0,no,test_when_fold_equals_p02a_hard_fold; train_otherwise,exact + provided same-length identity80 + substring-containment connected components,,FREEZESEQ001140,AODB; AnOxPePred; DFBP,AODB+AnOxPePred+DFBP,,,,,,,P02_sequence_cluster_candidate,diagnostic_only_until_group_balance_reviewed,EXACT_0008,CL80_0002
POSR01_0804,IHKAGGGGGGGGGGGK,16,1,positive_core,3,P02ACL_0137,1,1,0,no,test_when_fold_equals_p02a_hard_fold; train_otherwise,exact + provided same-length identity80 + substring-containment connected components,,FREEZESEQ001163,AODB,AODB,,,,,,,P02_sequence_cluster_candidate,diagnostic_only_until_group_balance_reviewed,EXACT_0066,CL80_0096
POSR01_0825,EFIQ,4,1,positive_core,3,P02ACL_0141,1,1,0,no,test_when_fold_equals_p02a_hard_fold; train_otherwise,exact + provided same-length identity80 + substring-containment connected components,,FREEZESEQ001333,AODB; DFBP,AODB+DFBP,,,,,,,P02_sequence_cluster_candidate,diagnostic_only_until_group_balance_reviewed,EXACT_0032,CL80_0029
POSR01_0842,IEEAF,5,1,positive_core,3,P02ACL_0145,1,1,0,no,test_when_fold_equals_p02a_hard_fold; train_otherwise,exact + provided same-length identity80 + substring-containment connected components,,FREEZESEQ001350,AODB; DFBP,AODB+DFBP,,,,,,,P02_sequence_cluster_candidate,diagnostic_only_until_group_balance_reviewed,EXACT_0065,CL80_0079
POSR01_0862,RDILNQ,6,1,positive_core,3,P02ACL_0149,1,1,0,no,test_when_fold_equals_p02a_hard_fold; train_otherwise,exact + provided same-length identity80 + substring-containment connected components,,FREEZESEQ001370,AODB; DFBP,AODB+DFBP,,,,,,,P02_sequence_cluster_candidate,diagnostic_only_until_group_balance_reviewed,EXACT_0120,CL80_0088
POSR01_0882,YMVSAIWG,8,1,positive_core,3,P02ACL_0153,1,1,0,no,test_when_fold_equals_p02a_hard_fold; train_otherwise,exact + provided same-length identity80 + substring-containment connected components,,FREEZESEQ001390,AODB; DFBP,AODB+DFBP,,,,,,,P02_sequence_cluster_candidate,diagnostic_only_until_group_balance_reviewed,EXACT_0167,CL80_0124
NEGR01_0010,YPFPG,5,0,negative_core,4,P02ACL_0004,3,0,3,no,test_when_fold_equals_p02a_hard_fold; train_otherwise,exact + provided same-length identity80 + substring-containment connected components,,,,,Beta-casein,Opioid,Batch3_MBPD,high,,Beta-casein,P02_sequence_cluster_candidate,diagnostic_only_until_group_balance_reviewed,EXACT_0170,CL80_0153
NEGR01_0011,YPFPGP,6,0,negative_core,4,P02ACL_0004,3,0,3,no,test_when_fold_equals_p02a_hard_fold; train_otherwise,exact + provided same-length identity80 + substring-containment connected components,,,,,Beta-casein,Opioid,Batch3_MBPD,high,,Beta-casein,P02_sequence_cluster_candidate,diagnostic_only_until_group_balance_reviewed,EXACT_0171,CL80_0146
NEGR01_0012,YPFP,4,0,negative_core,4,P02ACL_0004,3,0,3,no,test_when_fold_equals_p02a_hard_fold; train_otherwise,exact + provided same-length identity80 + substring-containment connected components,,,,,Beta-casein,Opioid,Batch3_MBPD,medium,,Beta-casein,P02_sequence_cluster_candidate,diagnostic_only_until_group_balance_reviewed,EXACT_0169,CL80_0165
NEGR01_0013,RYLGYL,6,0,negative_core,4,P02ACL_0007,3,2,1,yes,test_when_fold_equals_p02a_hard_fold; train_otherwise,exact + provided same-length identity80 + substring-containment connected components,,,,,Alpha-S1-casein,Opioid,Batch3_MBPD,medium,,Alpha-S1-casein,P02_sequence_cluster_candidate,diagnostic_only_until_group_balance_reviewed,EXACT_0125,CL80_0157
POSR01_0098,YLGY,4,1,positive_core,4,P02ACL_0007,3,2,1,yes,test_when_fold_equals_p02a_hard_fold; train_otherwise,exact + provided same-length identity80 + substring-containment connected components,,FREEZESEQ000457,AODB; AnOxPePred; DFBP,AODB+AnOxPePred+DFBP,,,,,,,P02_sequence_cluster_candidate,diagnostic_only_until_group_balance_reviewed,EXACT_0165,CL80_0085
POSR01_0196,RYLGY,5,1,positive_core,4,P02ACL_0007,3,2,1,yes,test_when_fold_equals_p02a_hard_fold; train_otherwise,exact + provided same-length identity80 + substring-containment connected components,,FREEZESEQ000555,AODB; AnOxPePred; DFBP,AODB+AnOxPePred+DFBP,,,,,,,P02_sequence_cluster_candidate,diagnostic_only_until_group_balance_reviewed,EXACT_0124,CL80_0056
NEGR01_0007,YLGSRY,6,0,negative_core,4,P02ACL_0008,1,0,1,no,test_when_fold_equals_p02a_hard_fold; train_otherwise,exact + provided same-length identity80 + substring-containment connected components,,,,,Lactotransferrin,Opioid,Batch3_MBPD,high,,Lactotransferrin,P02_sequence_cluster_candidate,diagnostic_only_until_group_balance_reviewed,EXACT_0164,CL80_0147
NEGR01_0015,DYKKY,5,0,negative_core,4,P02ACL_0012,1,0,1,no,test_when_fold_equals_p02a_hard_fold; train_otherwise,exact + provided same-length identity80 + substring-containment connected components,,,,,Beta-lactoglobulin,Immunomodulatory,Batch4_MBPD,medium,,Beta-lactoglobulin,P02_sequence_cluster_candidate,diagnostic_only_until_group_balance_reviewed,EXACT_0029,CL80_0145
NEGR01_0027,WMHQPHQPLPPT,12,0,negative_core,4,P02ACL_0016,1,0,1,no,test_when_fold_equals_p02a_hard_fold; train_otherwise,exact + provided same-length identity80 + substring-containment connected components,,,,,Beta-casein,Immunomodulatory,Batch4_MBPD,medium,,Beta-casein,P02_sequence_cluster_candidate,diagnostic_only_until_group_balance_reviewed,EXACT_0155,CL80_0156
SENSR01_0003,IQKVAGTW,8,0,negative_sensitivity,4,P02ACL_0020,1,0,1,no,test_when_fold_equals_p02a_hard_fold; train_otherwise,exact + provided same-length identity80 + substring-containment connected components,,,,,Beta-lactoglobulin,DPP-IV Inhibitory,Batch2_MBPD,medium,dual_function_watchlist_v1,Beta-lactoglobulin,P02_sequence_cluster_candidate,diagnostic_only_until_group_balance_reviewed,EXACT_0071,CL80_0176
POSR01_0165,LQGMP,5,1,positive_core,4,P02ACL_0025,2,2,0,no,test_when_fold_equals_p02a_hard_fold; train_otherwise,exact + provided same-length identity80 + substring-containment connected components,,FREEZESEQ000524,AODB; DFBP,AODB+DFBP,,,,,,,P02_sequence_cluster_candidate,diagnostic_only_until_group_balance_reviewed,EXACT_0091,CL80_0048
POSR01_0683,GTPGLQGMPGER,12,1,positive_core,4,P02ACL_0025,2,2,0,no,test_when_fold_equals_p02a_hard_fold; train_otherwise,exact + provided same-length identity80 + substring-containment connected components,,FREEZESEQ001042,AODB; DFBP,AODB+DFBP,,,,,,,P02_sequence_cluster_candidate,diagnostic_only_until_group_balance_reviewed,EXACT_0055,CL80_0030
POSR01_0015,DYDD,4,1,positive_core,4,P02ACL_0030,1,1,0,no,test_when_fold_equals_p02a_hard_fold; train_otherwise,exact + provided same-length identity80 + substring-containment connected components,,FREEZESEQ000374,AODB,AODB,,,,,,,P02_sequence_cluster_candidate,diagnostic_only_until_group_balance_reviewed,EXACT_0028,CL80_0141
POSR01_0036,GTQY,4,1,positive_core,4,P02ACL_0034,1,1,0,no,test_when_fold_equals_p02a_hard_fold; train_otherwise,exact + provided same-length identity80 + substring-containment connected components,,FREEZESEQ000395,AODB; AnOxPePred; BIOPEP-UWM; DFBP,AODB+AnOxPePred+BIOPEP-UWM+DFBP,,,,,,,P02_sequence_cluster_candidate,diagnostic_only_until_group_balance_reviewed,EXACT_0056,CL80_0014
POSR01_0054,MMGW,4,1,positive_core,4,P02ACL_0038,1,1,0,no,test_when_fold_equals_p02a_hard_fold; train_otherwise,exact + provided same-length identity80 + substring-containment connected components,,FREEZESEQ000413,AODB; DFBP,AODB+DFBP,,,,,,,P02_sequence_cluster_candidate,diagnostic_only_until_group_balance_reviewed,EXACT_0101,CL80_0006
POSR01_0067,QGAR,4,1,positive_core,4,P02ACL_0042,1,1,0,no,test_when_fold_equals_p02a_hard_fold; train_otherwise,exact + provided same-length identity80 + substring-containment connected components,,FREEZESEQ000426,AODB; AnOxPePred; DFBP,AODB+AnOxPePred+DFBP,,,,,,,P02_sequence_cluster_candidate,diagnostic_only_until_group_balance_reviewed,EXACT_0116,CL80_0072
POSR01_0091,YAKP,4,1,positive_core,4,P02ACL_0046,1,1,0,no,test_when_fold_equals_p02a_hard_fold; train_otherwise,exact + provided same-length identity80 + substring-containment connected components,,FREEZESEQ000450,AODB; AnOxPePred; BIOPEP-UWM; DFBP,AODB+AnOxPePred+BIOPEP-UWM+DFBP,,,,,,,P02_sequence_cluster_candidate,diagnostic_only_until_group_balance_reviewed,EXACT_0158,CL80_0081
POSR01_0114,ALGGA,5,1,positive_core,4,P02ACL_0050,1,1,0,no,test_when_fold_equals_p02a_hard_fold; train_otherwise,exact + provided same-length identity80 + substring-containment connected components,,FREEZESEQ000473,AODB; DFBP,AODB+DFBP,,,,,,,P02_sequence_cluster_candidate,diagnostic_only_until_group_balance_reviewed,EXACT_0010,CL80_0064
POSR01_0136,GDMNP,5,1,positive_core,4,P02ACL_0054,1,1,0,no,test_when_fold_equals_p02a_hard_fold; train_otherwise,exact + provided same-length identity80 + substring-containment connected components,,FREEZESEQ000495,AODB,AODB,,,,,,,P02_sequence_cluster_candidate,diagnostic_only_until_group_balance_reviewed,EXACT_0045,CL80_0080
POSR01_0146,IDLAY,5,1,positive_core,4,P02ACL_0058,1,1,0,no,test_when_fold_equals_p02a_hard_fold; train_otherwise,exact + provided same-length identity80 + substring-containment connected components,,FREEZESEQ000505,AODB,AODB,,,,,,,P02_sequence_cluster_candidate,diagnostic_only_until_group_balance_reviewed,EXACT_0064,CL80_0123
POSR01_0163,LPILR,5,1,positive_core,4,P02ACL_0062,1,1,0,no,test_when_fold_equals_p02a_hard_fold; train_otherwise,exact + provided same-length identity80 + substring-containment connected components,,FREEZESEQ000522,AODB,AODB,,,,,,,P02_sequence_cluster_candidate,diagnostic_only_until_group_balance_reviewed,EXACT_0090,CL80_0032
POSR01_0198,SALAM,5,1,positive_core,4,P02ACL_0066,1,1,0,no,test_when_fold_equals_p02a_hard_fold; train_otherwise,exact + provided same-length identity80 + substring-containment connected components,,FREEZESEQ000557,AODB; AnOxPePred; DFBP,AODB+AnOxPePred+DFBP,,,,,,,P02_sequence_cluster_candidate,diagnostic_only_until_group_balance_reviewed,EXACT_0126,CL80_0051
POSR01_0252,DHPFLF,6,1,positive_core,4,P02ACL_0070,1,1,0,no,test_when_fold_equals_p02a_hard_fold; train_otherwise,exact + provided same-length identity80 + substring-containment connected components,,FREEZESEQ000611,AODB; DFBP,AODB+DFBP,,,,,,,P02_sequence_cluster_candidate,diagnostic_only_until_group_balance_reviewed,EXACT_0023,CL80_0101
POSR01_0271,GPAGDY,6,1,positive_core,4,P02ACL_0074,1,1,0,no,test_when_fold_equals_p02a_hard_fold; train_otherwise,exact + provided same-length identity80 + substring-containment connected components,,FREEZESEQ000630,AODB; DFBP,AODB+DFBP,,,,,,,P02_sequence_cluster_candidate,diagnostic_only_until_group_balance_reviewed,EXACT_0051,CL80_0136
POSR01_0321,SSGFTY,6,1,positive_core,4,P02ACL_0078,1,1,0,no,test_when_fold_equals_p02a_hard_fold; train_otherwise,exact + provided same-length identity80 + substring-containment connected components,,FREEZESEQ000680,AODB; DFBP,AODB+DFBP,,,,,,,P02_sequence_cluster_candidate,diagnostic_only_until_group_balance_reviewed,EXACT_0132,CL80_0126
POSR01_0377,KVEGDLK,7,1,positive_core,4,P02ACL_0082,1,1,0,no,test_when_fold_equals_p02a_hard_fold; train_otherwise,exact + provided same-length identity80 + substring-containment connected components,,FREEZESEQ000736,AODB,AODB,,,,,,,P02_sequence_cluster_candidate,diagnostic_only_until_group_balance_reviewed,EXACT_0077,CL80_0099
POSR01_0427,AIRQGDVF,8,1,positive_core,4,P02ACL_0086,1,1,0,no,test_when_fold_equals_p02a_hard_fold; train_otherwise,exact + provided same-length identity80 + substring-containment connected components,,FREEZESEQ000786,AODB; AnOxPePred; DFBP,AODB+AnOxPePred+DFBP,,,,,,,P02_sequence_cluster_candidate,diagnostic_only_until_group_balance_reviewed,EXACT_0009,CL80_0041
POSR01_0454,MFAEWQPR,8,1,positive_core,4,P02ACL_0090,1,1,0,no,test_when_fold_equals_p02a_hard_fold; train_otherwise,exact + provided same-length identity80 + substring-containment connected components,,FREEZESEQ000813,AODB,AODB,,,,,,,P02_sequence_cluster_candidate,diagnostic_only_until_group_balance_reviewed,EXACT_0099,CL80_0111
POSR01_0468,RDRHQKIG,8,1,positive_core,4,P02ACL_0094,1,1,0,no,test_when_fold_equals_p02a_hard_fold; train_otherwise,exact + provided same-length identity80 + substring-containment connected components,,FREEZESEQ000827,AODB,AODB,,,,,,,P02_sequence_cluster_candidate,diagnostic_only_until_group_balance_reviewed,EXACT_0121,CL80_0137
POSR01_0490,YWVTSGPK,8,1,positive_core,4,P02ACL_0098,1,1,0,no,test_when_fold_equals_p02a_hard_fold; train_otherwise,exact + provided same-length identity80 + substring-containment connected components,,FREEZESEQ000849,AODB; AnOxPePred; BIOPEP-UWM; DFBP,AODB+AnOxPePred+BIOPEP-UWM+DFBP,,,,,,,P02_sequence_cluster_candidate,diagnostic_only_until_group_balance_reviewed,EXACT_0177,CL80_0106
POSR01_0527,SALLRSIPA,9,1,positive_core,4,P02ACL_0102,1,1,0,no,test_when_fold_equals_p02a_hard_fold; train_otherwise,exact + provided same-length identity80 + substring-containment connected components,,FREEZESEQ000886,AODB,AODB,,,,,,,P02_sequence_cluster_candidate,diagnostic_only_until_group_balance_reviewed,EXACT_0127,CL80_0026
POSR01_0559,DRVYIHPFHL,10,1,positive_core,4,P02ACL_0106,1,1,0,no,test_when_fold_equals_p02a_hard_fold; train_otherwise,exact + provided same-length identity80 + substring-containment connected components,,FREEZESEQ000918,AODB; AnOxPePred,AODB+AnOxPePred,,,,,,,P02_sequence_cluster_candidate,diagnostic_only_until_group_balance_reviewed,EXACT_0026,CL80_0010
POSR01_0587,QKPFPQQPPF,10,1,positive_core,4,P02ACL_0110,1,1,0,no,test_when_fold_equals_p02a_hard_fold; train_otherwise,exact + provided same-length identity80 + substring-containment connected components,,FREEZESEQ000946,AODB; BIOPEP-UWM; DFBP,AODB+BIOPEP-UWM+DFBP,,,,,,,P02_sequence_cluster_candidate,diagnostic_only_until_group_balance_reviewed,EXACT_0118,CL80_0052
POSR01_0597,TMAEYHHQDQ,10,1,positive_core,4,P02ACL_0114,1,1,0,no,test_when_fold_equals_p02a_hard_fold; train_otherwise,exact + provided same-length identity80 + substring-containment connected components,,FREEZESEQ000956,AODB; DFBP,AODB+DFBP,,,,,,,P02_sequence_cluster_candidate,diagnostic_only_until_group_balance_reviewed,EXACT_0135,CL80_0090
POSR01_0653,VVYFDQTQAQA,11,1,positive_core,4,P02ACL_0118,1,1,0,no,test_when_fold_equals_p02a_hard_fold; train_otherwise,exact + provided same-length identity80 + substring-containment connected components,,FREEZESEQ001012,AODB; DFBP,AODB+DFBP,,,,,,,P02_sequence_cluster_candidate,diagnostic_only_until_group_balance_reviewed,EXACT_0152,CL80_0068
POSR01_0666,AQQQEQAQQQEQ,12,1,positive_core,4,P02ACL_0122,1,1,0,no,test_when_fold_equals_p02a_hard_fold; train_otherwise,exact + provided same-length identity80 + substring-containment connected components,,FREEZESEQ001025,AODB; DFBP,AODB+DFBP,,,,,,,P02_sequence_cluster_candidate,diagnostic_only_until_group_balance_reviewed,EXACT_0014,CL80_0050
POSR01_0699,TWYFITPYIPDK,12,1,positive_core,4,P02ACL_0126,1,1,0,no,test_when_fold_equals_p02a_hard_fold; train_otherwise,exact + provided same-length identity80 + substring-containment connected components,,FREEZESEQ001058,AODB,AODB,,,,,,,P02_sequence_cluster_candidate,diagnostic_only_until_group_balance_reviewed,EXACT_0138,CL80_0027
POSR01_0762,GKHQQEEENEGGSI,14,1,positive_core,4,P02ACL_0130,1,1,0,no,test_when_fold_equals_p02a_hard_fold; train_otherwise,exact + provided same-length identity80 + substring-containment connected components,,FREEZESEQ001121,AODB,AODB,,,,,,,P02_sequence_cluster_candidate,diagnostic_only_until_group_balance_reviewed,EXACT_0050,CL80_0073
POSR01_0786,GPLGLLGFLGPLGLS,15,1,positive_core,4,P02ACL_0134,1,1,0,no,test_when_fold_equals_p02a_hard_fold; train_otherwise,exact + provided same-length identity80 + substring-containment connected components,,FREEZESEQ001145,AODB; AnOxPePred; DFBP,AODB+AnOxPePred+DFBP,,,,,,,P02_sequence_cluster_candidate,diagnostic_only_until_group_balance_reviewed,EXACT_0052,CL80_0007
POSR01_0807,LQSGDALRVPSGTTYY,16,1,positive_core,4,P02ACL_0138,1,1,0,no,test_when_fold_equals_p02a_hard_fold; train_otherwise,exact + provided same-length identity80 + substring-containment connected components,,FREEZESEQ001166,AODB; AnOxPePred; DFBP,AODB+AnOxPePred+DFBP,,,,,,,P02_sequence_cluster_candidate,diagnostic_only_until_group_balance_reviewed,EXACT_0093,CL80_0112
POSR01_0827,EFQI,4,1,positive_core,4,P02ACL_0142,1,1,0,no,test_when_fold_equals_p02a_hard_fold; train_otherwise,exact + provided same-length identity80 + substring-containment connected components,,FREEZESEQ001335,AODB; DFBP,AODB+DFBP,,,,,,,P02_sequence_cluster_candidate,diagnostic_only_until_group_balance_reviewed,EXACT_0033,CL80_0004
POSR01_0847,LLNPT,5,1,positive_core,4,P02ACL_0146,1,1,0,no,test_when_fold_equals_p02a_hard_fold; train_otherwise,exact + provided same-length identity80 + substring-containment connected components,,FREEZESEQ001355,AODB; DFBP,AODB+DFBP,,,,,,,P02_sequence_cluster_candidate,diagnostic_only_until_group_balance_reviewed,EXACT_0088,CL80_0071
POSR01_0867,DAQEKLE,7,1,positive_core,4,P02ACL_0150,1,1,0,no,test_when_fold_equals_p02a_hard_fold; train_otherwise,exact + provided same-length identity80 + substring-containment connected components,,FREEZESEQ001375,AODB; DFBP,AODB+DFBP,,,,,,,P02_sequence_cluster_candidate,diagnostic_only_until_group_balance_reviewed,EXACT_0020,CL80_0140
POSR01_0894,VPSIDDQEELM,11,1,positive_core,4,P02ACL_0154,1,1,0,no,test_when_fold_equals_p02a_hard_fold; train_otherwise,exact + provided same-length identity80 + substring-containment connected components,,FREEZESEQ001402,AODB; DFBP,AODB+DFBP,,,,,,,P02_sequence_cluster_candidate,diagnostic_only_until_group_balance_reviewed,EXACT_0147,CL80_0053
