record_id,sequence,length,label,branch,fold_id,p02a_cluster_id,p02a_cluster_size,p02a_cluster_pos_n,p02a_cluster_neg_n,p02a_mixed_label_cluster,p02a_split_rule,recommended_primary_split_use,recommended_source_parent_split_use,split_family,analysis_branch,source_reference
NEGR01_0016,YQEPVLGPVRGPFPIIV,17,0,negative_core,1,P02ACL_0001,6,1,5,yes,exact + provided same-length identity80 + substring-containment connected components,P02_sequence_cluster_candidate,diagnostic_only_until_group_balance_reviewed,r02a_sequence_cluster_hard_split,sensplus,PILOT_R02A_sequence_cluster_hard_split_assignments.csv
NEGR01_0017,QEPVL,5,0,negative_core,1,P02ACL_0001,6,1,5,yes,exact + provided same-length identity80 + substring-containment connected components,P02_sequence_cluster_candidate,diagnostic_only_until_group_balance_reviewed,r02a_sequence_cluster_hard_split,sensplus,PILOT_R02A_sequence_cluster_hard_split_assignments.csv
NEGR01_0019,DMPIQAFLLYQEPVLGPVR,19,0,negative_core,1,P02ACL_0001,6,1,5,yes,exact + provided same-length identity80 + substring-containment connected components,P02_sequence_cluster_candidate,diagnostic_only_until_group_balance_reviewed,r02a_sequence_cluster_hard_split,sensplus,PILOT_R02A_sequence_cluster_hard_split_assignments.csv
NEGR01_0023,LYQEPVLGPVRGPFPIIV,18,0,negative_core,1,P02ACL_0001,6,1,5,yes,exact + provided same-length identity80 + substring-containment connected components,P02_sequence_cluster_candidate,diagnostic_only_until_group_balance_reviewed,r02a_sequence_cluster_hard_split,sensplus,PILOT_R02A_sequence_cluster_hard_split_assignments.csv
NEGR01_0026,LYQEPVLGPVR,11,0,negative_core,1,P02ACL_0001,6,1,5,yes,exact + provided same-length identity80 + substring-containment connected components,P02_sequence_cluster_candidate,diagnostic_only_until_group_balance_reviewed,r02a_sequence_cluster_hard_split,sensplus,PILOT_R02A_sequence_cluster_hard_split_assignments.csv
POSR01_0567,GPVRGPFPII,10,1,positive_core,1,P02ACL_0001,6,1,5,yes,exact + provided same-length identity80 + substring-containment connected components,P02_sequence_cluster_candidate,diagnostic_only_until_group_balance_reviewed,r02a_sequence_cluster_hard_split,sensplus,PILOT_R02A_sequence_cluster_hard_split_assignments.csv
NEGR01_0014,GTWY,4,0,negative_core,1,P02ACL_0011,1,0,1,no,exact + provided same-length identity80 + substring-containment connected components,P02_sequence_cluster_candidate,diagnostic_only_until_group_balance_reviewed,r02a_sequence_cluster_hard_split,sensplus,PILOT_R02A_sequence_cluster_hard_split_assignments.csv
NEGR01_0022,NPWDQ,5,0,negative_core,1,P02ACL_0015,1,0,1,no,exact + provided same-length identity80 + substring-containment connected components,P02_sequence_cluster_candidate,diagnostic_only_until_group_balance_reviewed,r02a_sequence_cluster_hard_split,sensplus,PILOT_R02A_sequence_cluster_hard_split_assignments.csv
SENSR01_0002,LKALPMH,7,0,negative_sensitivity,1,P02ACL_0019,1,0,1,no,exact + provided same-length identity80 + substring-containment connected components,P02_sequence_cluster_candidate,diagnostic_only_until_group_balance_reviewed,r02a_sequence_cluster_hard_split,sensplus,PILOT_R02A_sequence_cluster_hard_split_assignments.csv
POSR01_0099,YLKT,4,1,positive_core,1,P02ACL_0023,2,2,0,no,exact + provided same-length identity80 + substring-containment connected components,P02_sequence_cluster_candidate,diagnostic_only_until_group_balance_reviewed,r02a_sequence_cluster_hard_split,sensplus,PILOT_R02A_sequence_cluster_hard_split_assignments.csv
POSR01_0750,ALPQYLKTVYQHQK,14,1,positive_core,1,P02ACL_0023,2,2,0,no,exact + provided same-length identity80 + substring-containment connected components,P02_sequence_cluster_candidate,diagnostic_only_until_group_balance_reviewed,r02a_sequence_cluster_hard_split,sensplus,PILOT_R02A_sequence_cluster_hard_split_assignments.csv
POSR01_0751,AMRLTGNRPCIGAT,14,1,positive_core,1,P02ACL_0026,2,2,0,no,exact + provided same-length identity80 + substring-containment connected components,P02_sequence_cluster_candidate,diagnostic_only_until_group_balance_reviewed,r02a_sequence_cluster_hard_split,sensplus,PILOT_R02A_sequence_cluster_hard_split_assignments.csv
POSR01_0752,AMRLTGNRPCLYAT,14,1,positive_core,1,P02ACL_0026,2,2,0,no,exact + provided same-length identity80 + substring-containment connected components,P02_sequence_cluster_candidate,diagnostic_only_until_group_balance_reviewed,r02a_sequence_cluster_hard_split,sensplus,PILOT_R02A_sequence_cluster_hard_split_assignments.csv
POSR01_0021,FFGT,4,1,positive_core,1,P02ACL_0031,1,1,0,no,exact + provided same-length identity80 + substring-containment connected components,P02_sequence_cluster_candidate,diagnostic_only_until_group_balance_reviewed,r02a_sequence_cluster_hard_split,sensplus,PILOT_R02A_sequence_cluster_hard_split_assignments.csv
POSR01_0040,HYEG,4,1,positive_core,1,P02ACL_0035,1,1,0,no,exact + provided same-length identity80 + substring-containment connected components,P02_sequence_cluster_candidate,diagnostic_only_until_group_balance_reviewed,r02a_sequence_cluster_hard_split,sensplus,PILOT_R02A_sequence_cluster_hard_split_assignments.csv
POSR01_0061,PLMW,4,1,positive_core,1,P02ACL_0039,1,1,0,no,exact + provided same-length identity80 + substring-containment connected components,P02_sequence_cluster_candidate,diagnostic_only_until_group_balance_reviewed,r02a_sequence_cluster_hard_split,sensplus,PILOT_R02A_sequence_cluster_hard_split_assignments.csv
POSR01_0084,VVKL,4,1,positive_core,1,P02ACL_0043,1,1,0,no,exact + provided same-length identity80 + substring-containment connected components,P02_sequence_cluster_candidate,diagnostic_only_until_group_balance_reviewed,r02a_sequence_cluster_hard_split,sensplus,PILOT_R02A_sequence_cluster_hard_split_assignments.csv
POSR01_0092,YAVT,4,1,positive_core,1,P02ACL_0047,1,1,0,no,exact + provided same-length identity80 + substring-containment connected components,P02_sequence_cluster_candidate,diagnostic_only_until_group_balance_reviewed,r02a_sequence_cluster_hard_split,sensplus,PILOT_R02A_sequence_cluster_hard_split_assignments.csv
POSR01_0126,FDEQE,5,1,positive_core,1,P02ACL_0051,1,1,0,no,exact + provided same-length identity80 + substring-containment connected components,P02_sequence_cluster_candidate,diagnostic_only_until_group_balance_reviewed,r02a_sequence_cluster_hard_split,sensplus,PILOT_R02A_sequence_cluster_hard_split_assignments.csv
POSR01_0139,GSGGL,5,1,positive_core,1,P02ACL_0055,1,1,0,no,exact + provided same-length identity80 + substring-containment connected components,P02_sequence_cluster_candidate,diagnostic_only_until_group_balance_reviewed,r02a_sequence_cluster_hard_split,sensplus,PILOT_R02A_sequence_cluster_hard_split_assignments.csv
POSR01_0148,IIAEK,5,1,positive_core,1,P02ACL_0059,1,1,0,no,exact + provided same-length identity80 + substring-containment connected components,P02_sequence_cluster_candidate,diagnostic_only_until_group_balance_reviewed,r02a_sequence_cluster_hard_split,sensplus,PILOT_R02A_sequence_cluster_hard_split_assignments.csv
POSR01_0167,LSRVP,5,1,positive_core,1,P02ACL_0063,1,1,0,no,exact + provided same-length identity80 + substring-containment connected components,P02_sequence_cluster_candidate,diagnostic_only_until_group_balance_reviewed,r02a_sequence_cluster_hard_split,sensplus,PILOT_R02A_sequence_cluster_hard_split_assignments.csv
POSR01_0210,VIEPR,5,1,positive_core,1,P02ACL_0067,1,1,0,no,exact + provided same-length identity80 + substring-containment connected components,P02_sequence_cluster_candidate,diagnostic_only_until_group_balance_reviewed,r02a_sequence_cluster_hard_split,sensplus,PILOT_R02A_sequence_cluster_hard_split_assignments.csv
POSR01_0257,FDGEVK,6,1,positive_core,1,P02ACL_0071,1,1,0,no,exact + provided same-length identity80 + substring-containment connected components,P02_sequence_cluster_candidate,diagnostic_only_until_group_balance_reviewed,r02a_sequence_cluster_hard_split,sensplus,PILOT_R02A_sequence_cluster_hard_split_assignments.csv
POSR01_0277,IDDVLK,6,1,positive_core,1,P02ACL_0075,1,1,0,no,exact + provided same-length identity80 + substring-containment connected components,P02_sequence_cluster_candidate,diagnostic_only_until_group_balance_reviewed,r02a_sequence_cluster_hard_split,sensplus,PILOT_R02A_sequence_cluster_hard_split_assignments.csv
POSR01_0323,TNGIIR,6,1,positive_core,1,P02ACL_0079,1,1,0,no,exact + provided same-length identity80 + substring-containment connected components,P02_sequence_cluster_candidate,diagnostic_only_until_group_balance_reviewed,r02a_sequence_cluster_hard_split,sensplus,PILOT_R02A_sequence_cluster_hard_split_assignments.csv
POSR01_0396,SSGFTMQ,7,1,positive_core,1,P02ACL_0083,1,1,0,no,exact + provided same-length identity80 + substring-containment connected components,P02_sequence_cluster_candidate,diagnostic_only_until_group_balance_reviewed,r02a_sequence_cluster_hard_split,sensplus,PILOT_R02A_sequence_cluster_hard_split_assignments.csv
POSR01_0431,CCCCSVQK,8,1,positive_core,1,P02ACL_0087,1,1,0,no,exact + provided same-length identity80 + substring-containment connected components,P02_sequence_cluster_candidate,diagnostic_only_until_group_balance_reviewed,r02a_sequence_cluster_hard_split,sensplus,PILOT_R02A_sequence_cluster_hard_split_assignments.csv
POSR01_0455,MLKMLPFK,8,1,positive_core,1,P02ACL_0091,1,1,0,no,exact + provided same-length identity80 + substring-containment connected components,P02_sequence_cluster_candidate,diagnostic_only_until_group_balance_reviewed,r02a_sequence_cluster_hard_split,sensplus,PILOT_R02A_sequence_cluster_hard_split_assignments.csv
POSR01_0475,TEAPLNPK,8,1,positive_core,1,P02ACL_0095,1,1,0,no,exact + provided same-length identity80 + substring-containment connected components,P02_sequence_cluster_candidate,diagnostic_only_until_group_balance_reviewed,r02a_sequence_cluster_hard_split,sensplus,PILOT_R02A_sequence_cluster_hard_split_assignments.csv
POSR01_0518,LLRSVGVPL,9,1,positive_core,1,P02ACL_0099,1,1,0,no,exact + provided same-length identity80 + substring-containment connected components,P02_sequence_cluster_candidate,diagnostic_only_until_group_balance_reviewed,r02a_sequence_cluster_hard_split,sensplus,PILOT_R02A_sequence_cluster_hard_split_assignments.csv
POSR01_0533,VLDTGLAGA,9,1,positive_core,1,P02ACL_0103,1,1,0,no,exact + provided same-length identity80 + substring-containment connected components,P02_sequence_cluster_candidate,diagnostic_only_until_group_balance_reviewed,r02a_sequence_cluster_hard_split,sensplus,PILOT_R02A_sequence_cluster_hard_split_assignments.csv
POSR01_0560,DVCGRDVNGY,10,1,positive_core,1,P02ACL_0107,1,1,0,no,exact + provided same-length identity80 + substring-containment connected components,P02_sequence_cluster_candidate,diagnostic_only_until_group_balance_reviewed,r02a_sequence_cluster_hard_split,sensplus,PILOT_R02A_sequence_cluster_hard_split_assignments.csv
POSR01_0589,RHPHPHLSFM,10,1,positive_core,1,P02ACL_0111,1,1,0,no,exact + provided same-length identity80 + substring-containment connected components,P02_sequence_cluster_candidate,diagnostic_only_until_group_balance_reviewed,r02a_sequence_cluster_hard_split,sensplus,PILOT_R02A_sequence_cluster_hard_split_assignments.csv
POSR01_0603,WVRQAPGKGL,10,1,positive_core,1,P02ACL_0115,1,1,0,no,exact + provided same-length identity80 + substring-containment connected components,P02_sequence_cluster_candidate,diagnostic_only_until_group_balance_reviewed,r02a_sequence_cluster_hard_split,sensplus,PILOT_R02A_sequence_cluster_hard_split_assignments.csv
POSR01_0657,YIQKEDVPSER,11,1,positive_core,1,P02ACL_0119,1,1,0,no,exact + provided same-length identity80 + substring-containment connected components,P02_sequence_cluster_candidate,diagnostic_only_until_group_balance_reviewed,r02a_sequence_cluster_hard_split,sensplus,PILOT_R02A_sequence_cluster_hard_split_assignments.csv
POSR01_0677,FSDIPNPIGSEN,12,1,positive_core,1,P02ACL_0123,1,1,0,no,exact + provided same-length identity80 + substring-containment connected components,P02_sequence_cluster_candidate,diagnostic_only_until_group_balance_reviewed,r02a_sequence_cluster_hard_split,sensplus,PILOT_R02A_sequence_cluster_hard_split_assignments.csv
POSR01_0720,GIWAPWPPRAGLC,13,1,positive_core,1,P02ACL_0127,1,1,0,no,exact + provided same-length identity80 + substring-containment connected components,P02_sequence_cluster_candidate,diagnostic_only_until_group_balance_reviewed,r02a_sequence_cluster_hard_split,sensplus,PILOT_R02A_sequence_cluster_hard_split_assignments.csv
POSR01_0769,LVGDEQAVPAVCVP,14,1,positive_core,1,P02ACL_0131,1,1,0,no,exact + provided same-length identity80 + substring-containment connected components,P02_sequence_cluster_candidate,diagnostic_only_until_group_balance_reviewed,r02a_sequence_cluster_hard_split,sensplus,PILOT_R02A_sequence_cluster_hard_split_assignments.csv
POSR01_0800,ESTVPERTHPACPDFN,16,1,positive_core,1,P02ACL_0135,1,1,0,no,exact + provided same-length identity80 + substring-containment connected components,P02_sequence_cluster_candidate,diagnostic_only_until_group_balance_reviewed,r02a_sequence_cluster_hard_split,sensplus,PILOT_R02A_sequence_cluster_hard_split_assignments.csv
POSR01_0814,GFFKWHPRCGEEHSMWT,17,1,positive_core,1,P02ACL_0139,1,1,0,no,exact + provided same-length identity80 + substring-containment connected components,P02_sequence_cluster_candidate,diagnostic_only_until_group_balance_reviewed,r02a_sequence_cluster_hard_split,sensplus,PILOT_R02A_sequence_cluster_hard_split_assignments.csv
POSR01_0836,VSYT,4,1,positive_core,1,P02ACL_0143,1,1,0,no,exact + provided same-length identity80 + substring-containment connected components,P02_sequence_cluster_candidate,diagnostic_only_until_group_balance_reviewed,r02a_sequence_cluster_hard_split,sensplus,PILOT_R02A_sequence_cluster_hard_split_assignments.csv
POSR01_0855,PSLPA,5,1,positive_core,1,P02ACL_0147,1,1,0,no,exact + provided same-length identity80 + substring-containment connected components,P02_sequence_cluster_candidate,diagnostic_only_until_group_balance_reviewed,r02a_sequence_cluster_hard_split,sensplus,PILOT_R02A_sequence_cluster_hard_split_assignments.csv
POSR01_0879,TRTGDPFF,8,1,positive_core,1,P02ACL_0151,1,1,0,no,exact + provided same-length identity80 + substring-containment connected components,P02_sequence_cluster_candidate,diagnostic_only_until_group_balance_reviewed,r02a_sequence_cluster_hard_split,sensplus,PILOT_R02A_sequence_cluster_hard_split_assignments.csv
POSR01_0899,AGTTCLFTPLALPYDYSH,18,1,positive_core,1,P02ACL_0155,1,1,0,no,exact + provided same-length identity80 + substring-containment connected components,P02_sequence_cluster_candidate,diagnostic_only_until_group_balance_reviewed,r02a_sequence_cluster_hard_split,sensplus,PILOT_R02A_sequence_cluster_hard_split_assignments.csv
NEGR01_0002,LKPTPEGDLEIL,12,0,negative_core,2,P02ACL_0002,3,0,3,no,exact + provided same-length identity80 + substring-containment connected components,P02_sequence_cluster_candidate,diagnostic_only_until_group_balance_reviewed,r02a_sequence_cluster_hard_split,sensplus,PILOT_R02A_sequence_cluster_hard_split_assignments.csv
NEGR01_0003,LKPTPEGDLE,10,0,negative_core,2,P02ACL_0002,3,0,3,no,exact + provided same-length identity80 + substring-containment connected components,P02_sequence_cluster_candidate,diagnostic_only_until_group_balance_reviewed,r02a_sequence_cluster_hard_split,sensplus,PILOT_R02A_sequence_cluster_hard_split_assignments.csv
NEGR01_0004,LKPTPEGDL,9,0,negative_core,2,P02ACL_0002,3,0,3,no,exact + provided same-length identity80 + substring-containment connected components,P02_sequence_cluster_candidate,diagnostic_only_until_group_balance_reviewed,r02a_sequence_cluster_hard_split,sensplus,PILOT_R02A_sequence_cluster_hard_split_assignments.csv
NEGR01_0001,VLVLDTDYK,9,0,negative_core,2,P02ACL_0005,2,0,2,no,exact + provided same-length identity80 + substring-containment connected components,P02_sequence_cluster_candidate,diagnostic_only_until_group_balance_reviewed,r02a_sequence_cluster_hard_split,sensplus,PILOT_R02A_sequence_cluster_hard_split_assignments.csv
SENSR01_0001,VLDTDY,6,0,negative_sensitivity,2,P02ACL_0005,2,0,2,no,exact + provided same-length identity80 + substring-containment connected components,P02_sequence_cluster_candidate,diagnostic_only_until_group_balance_reviewed,r02a_sequence_cluster_hard_split,sensplus,PILOT_R02A_sequence_cluster_hard_split_assignments.csv
NEGR01_0008,YPSYGLN,7,0,negative_core,2,P02ACL_0009,1,0,1,no,exact + provided same-length identity80 + substring-containment connected components,P02_sequence_cluster_candidate,diagnostic_only_until_group_balance_reviewed,r02a_sequence_cluster_hard_split,sensplus,PILOT_R02A_sequence_cluster_hard_split_assignments.csv
NEGR01_0018,PGPIPN,6,0,negative_core,2,P02ACL_0013,1,0,1,no,exact + provided same-length identity80 + substring-containment connected components,P02_sequence_cluster_candidate,diagnostic_only_until_group_balance_reviewed,r02a_sequence_cluster_hard_split,sensplus,PILOT_R02A_sequence_cluster_hard_split_assignments.csv
NEGR01_0028,HQPHQPLPPTVMFPPQ,16,0,negative_core,2,P02ACL_0017,1,0,1,no,exact + provided same-length identity80 + substring-containment connected components,P02_sequence_cluster_candidate,diagnostic_only_until_group_balance_reviewed,r02a_sequence_cluster_hard_split,sensplus,PILOT_R02A_sequence_cluster_hard_split_assignments.csv
POSR01_0101,YPEL,4,1,positive_core,2,P02ACL_0021,3,3,0,no,exact + provided same-length identity80 + substring-containment connected components,P02_sequence_cluster_candidate,diagnostic_only_until_group_balance_reviewed,r02a_sequence_cluster_hard_split,sensplus,PILOT_R02A_sequence_cluster_hard_split_assignments.csv
POSR01_0250,AYFYPE,6,1,positive_core,2,P02ACL_0021,3,3,0,no,exact + provided same-length identity80 + substring-containment connected components,P02_sequence_cluster_candidate,diagnostic_only_until_group_balance_reviewed,r02a_sequence_cluster_hard_split,sensplus,PILOT_R02A_sequence_cluster_hard_split_assignments.csv
POSR01_0356,AYFYPEL,7,1,positive_core,2,P02ACL_0021,3,3,0,no,exact + provided same-length identity80 + substring-containment connected components,P02_sequence_cluster_candidate,diagnostic_only_until_group_balance_reviewed,r02a_sequence_cluster_hard_split,sensplus,PILOT_R02A_sequence_cluster_hard_split_assignments.csv
POSR01_0004,ATVY,4,1,positive_core,2,P02ACL_0027,1,1,0,no,exact + provided same-length identity80 + substring-containment connected components,P02_sequence_cluster_candidate,diagnostic_only_until_group_balance_reviewed,r02a_sequence_cluster_hard_split,sensplus,PILOT_R02A_sequence_cluster_hard_split_assignments.csv
POSR01_0010,DDDY,4,1,positive_core,2,P02ACL_0028,1,1,0,no,exact + provided same-length identity80 + substring-containment connected components,P02_sequence_cluster_candidate,diagnostic_only_until_group_balance_reviewed,r02a_sequence_cluster_hard_split,sensplus,PILOT_R02A_sequence_cluster_hard_split_assignments.csv
POSR01_0031,FYKA,4,1,positive_core,2,P02ACL_0032,1,1,0,no,exact + provided same-length identity80 + substring-containment connected components,P02_sequence_cluster_candidate,diagnostic_only_until_group_balance_reviewed,r02a_sequence_cluster_hard_split,sensplus,PILOT_R02A_sequence_cluster_hard_split_assignments.csv
POSR01_0043,IYPF,4,1,positive_core,2,P02ACL_0036,1,1,0,no,exact + provided same-length identity80 + substring-containment connected components,P02_sequence_cluster_candidate,diagnostic_only_until_group_balance_reviewed,r02a_sequence_cluster_hard_split,sensplus,PILOT_R02A_sequence_cluster_hard_split_assignments.csv
POSR01_0064,QAEP,4,1,positive_core,2,P02ACL_0040,1,1,0,no,exact + provided same-length identity80 + substring-containment connected components,P02_sequence_cluster_candidate,diagnostic_only_until_group_balance_reviewed,r02a_sequence_cluster_hard_split,sensplus,PILOT_R02A_sequence_cluster_hard_split_assignments.csv
POSR01_0087,WDVK,4,1,positive_core,2,P02ACL_0044,1,1,0,no,exact + provided same-length identity80 + substring-containment connected components,P02_sequence_cluster_candidate,diagnostic_only_until_group_balance_reviewed,r02a_sequence_cluster_hard_split,sensplus,PILOT_R02A_sequence_cluster_hard_split_assignments.csv
POSR01_0104,YPYY,4,1,positive_core,2,P02ACL_0048,1,1,0,no,exact + provided same-length identity80 + substring-containment connected components,P02_sequence_cluster_candidate,diagnostic_only_until_group_balance_reviewed,r02a_sequence_cluster_hard_split,sensplus,PILOT_R02A_sequence_cluster_hard_split_assignments.csv
POSR01_0128,FGERR,5,1,positive_core,2,P02ACL_0052,1,1,0,no,exact + provided same-length identity80 + substring-containment connected components,P02_sequence_cluster_candidate,diagnostic_only_until_group_balance_reviewed,r02a_sequence_cluster_hard_split,sensplus,PILOT_R02A_sequence_cluster_hard_split_assignments.csv
POSR01_0140,GVPFW,5,1,positive_core,2,P02ACL_0056,1,1,0,no,exact + provided same-length identity80 + substring-containment connected components,P02_sequence_cluster_candidate,diagnostic_only_until_group_balance_reviewed,r02a_sequence_cluster_hard_split,sensplus,PILOT_R02A_sequence_cluster_hard_split_assignments.csv
POSR01_0151,IVEYF,5,1,positive_core,2,P02ACL_0060,1,1,0,no,exact + provided same-length identity80 + substring-containment connected components,P02_sequence_cluster_candidate,diagnostic_only_until_group_balance_reviewed,r02a_sequence_cluster_hard_split,sensplus,PILOT_R02A_sequence_cluster_hard_split_assignments.csv
POSR01_0183,PYFNK,5,1,positive_core,2,P02ACL_0064,1,1,0,no,exact + provided same-length identity80 + substring-containment connected components,P02_sequence_cluster_candidate,diagnostic_only_until_group_balance_reviewed,r02a_sequence_cluster_hard_split,sensplus,PILOT_R02A_sequence_cluster_hard_split_assignments.csv
POSR01_0220,WEGPK,5,1,positive_core,2,P02ACL_0068,1,1,0,no,exact + provided same-length identity80 + substring-containment connected components,P02_sequence_cluster_candidate,diagnostic_only_until_group_balance_reviewed,r02a_sequence_cluster_hard_split,sensplus,PILOT_R02A_sequence_cluster_hard_split_assignments.csv
POSR01_0258,FDPFPK,6,1,positive_core,2,P02ACL_0072,1,1,0,no,exact + provided same-length identity80 + substring-containment connected components,P02_sequence_cluster_candidate,diagnostic_only_until_group_balance_reviewed,r02a_sequence_cluster_hard_split,sensplus,PILOT_R02A_sequence_cluster_hard_split_assignments.csv
POSR01_0287,LELPLK,6,1,positive_core,2,P02ACL_0076,1,1,0,no,exact + provided same-length identity80 + substring-containment connected components,P02_sequence_cluster_candidate,diagnostic_only_until_group_balance_reviewed,r02a_sequence_cluster_hard_split,sensplus,PILOT_R02A_sequence_cluster_hard_split_assignments.csv
POSR01_0329,VGPWQK,6,1,positive_core,2,P02ACL_0080,1,1,0,no,exact + provided same-length identity80 + substring-containment connected components,P02_sequence_cluster_candidate,diagnostic_only_until_group_balance_reviewed,r02a_sequence_cluster_hard_split,sensplus,PILOT_R02A_sequence_cluster_hard_split_assignments.csv
POSR01_0400,TIIPLPV,7,1,positive_core,2,P02ACL_0084,1,1,0,no,exact + provided same-length identity80 + substring-containment connected components,P02_sequence_cluster_candidate,diagnostic_only_until_group_balance_reviewed,r02a_sequence_cluster_hard_split,sensplus,PILOT_R02A_sequence_cluster_hard_split_assignments.csv
POSR01_0436,EAPLNPKA,8,1,positive_core,2,P02ACL_0088,1,1,0,no,exact + provided same-length identity80 + substring-containment connected components,P02_sequence_cluster_candidate,diagnostic_only_until_group_balance_reviewed,r02a_sequence_cluster_hard_split,sensplus,PILOT_R02A_sequence_cluster_hard_split_assignments.csv
POSR01_0460,PKLPPVKK,8,1,positive_core,2,P02ACL_0092,1,1,0,no,exact + provided same-length identity80 + substring-containment connected components,P02_sequence_cluster_candidate,diagnostic_only_until_group_balance_reviewed,r02a_sequence_cluster_hard_split,sensplus,PILOT_R02A_sequence_cluster_hard_split_assignments.csv
POSR01_0477,VAPEEHPV,8,1,positive_core,2,P02ACL_0096,1,1,0,no,exact + provided same-length identity80 + substring-containment connected components,P02_sequence_cluster_candidate,diagnostic_only_until_group_balance_reviewed,r02a_sequence_cluster_hard_split,sensplus,PILOT_R02A_sequence_cluster_hard_split_assignments.csv
POSR01_0520,LQPGQGQQG,9,1,positive_core,2,P02ACL_0100,1,1,0,no,exact + provided same-length identity80 + substring-containment connected components,P02_sequence_cluster_candidate,diagnostic_only_until_group_balance_reviewed,r02a_sequence_cluster_hard_split,sensplus,PILOT_R02A_sequence_cluster_hard_split_assignments.csv
POSR01_0544,YGGVSLPEW,9,1,positive_core,2,P02ACL_0104,1,1,0,no,exact + provided same-length identity80 + substring-containment connected components,P02_sequence_cluster_candidate,diagnostic_only_until_group_balance_reviewed,r02a_sequence_cluster_hard_split,sensplus,PILOT_R02A_sequence_cluster_hard_split_assignments.csv
POSR01_0571,KYIPIQYVLS,10,1,positive_core,2,P02ACL_0108,1,1,0,no,exact + provided same-length identity80 + substring-containment connected components,P02_sequence_cluster_candidate,diagnostic_only_until_group_balance_reviewed,r02a_sequence_cluster_hard_split,sensplus,PILOT_R02A_sequence_cluster_hard_split_assignments.csv
POSR01_0591,RQSHFANAQP,10,1,positive_core,2,P02ACL_0112,1,1,0,no,exact + provided same-length identity80 + substring-containment connected components,P02_sequence_cluster_candidate,diagnostic_only_until_group_balance_reviewed,r02a_sequence_cluster_hard_split,sensplus,PILOT_R02A_sequence_cluster_hard_split_assignments.csv
POSR01_0611,YSEEQQPSTR,10,1,positive_core,2,P02ACL_0116,1,1,0,no,exact + provided same-length identity80 + substring-containment connected components,P02_sequence_cluster_candidate,diagnostic_only_until_group_balance_reviewed,r02a_sequence_cluster_hard_split,sensplus,PILOT_R02A_sequence_cluster_hard_split_assignments.csv
POSR01_0662,AADNANELFPPN,12,1,positive_core,2,P02ACL_0120,1,1,0,no,exact + provided same-length identity80 + substring-containment connected components,P02_sequence_cluster_candidate,diagnostic_only_until_group_balance_reviewed,r02a_sequence_cluster_hard_split,sensplus,PILOT_R02A_sequence_cluster_hard_split_assignments.csv
POSR01_0688,KEFLLAGNNNRA,12,1,positive_core,2,P02ACL_0124,1,1,0,no,exact + provided same-length identity80 + substring-containment connected components,P02_sequence_cluster_candidate,diagnostic_only_until_group_balance_reviewed,r02a_sequence_cluster_hard_split,sensplus,PILOT_R02A_sequence_cluster_hard_split_assignments.csv
POSR01_0740,SEALGVSSQVARQ,13,1,positive_core,2,P02ACL_0128,1,1,0,no,exact + provided same-length identity80 + substring-containment connected components,P02_sequence_cluster_candidate,diagnostic_only_until_group_balance_reviewed,r02a_sequence_cluster_hard_split,sensplus,PILOT_R02A_sequence_cluster_hard_split_assignments.csv
POSR01_0780,AGGGGGGGGGGGKNL,15,1,positive_core,2,P02ACL_0132,1,1,0,no,exact + provided same-length identity80 + substring-containment connected components,P02_sequence_cluster_candidate,diagnostic_only_until_group_balance_reviewed,r02a_sequence_cluster_hard_split,sensplus,PILOT_R02A_sequence_cluster_hard_split_assignments.csv
POSR01_0801,GEPGPPGPPGPPGPPG,16,1,positive_core,2,P02ACL_0136,1,1,0,no,exact + provided same-length identity80 + substring-containment connected components,P02_sequence_cluster_candidate,diagnostic_only_until_group_balance_reviewed,r02a_sequence_cluster_hard_split,sensplus,PILOT_R02A_sequence_cluster_hard_split_assignments.csv
POSR01_0823,IWCKDDQNPHSSNISCDKF,19,1,positive_core,2,P02ACL_0140,1,1,0,no,exact + provided same-length identity80 + substring-containment connected components,P02_sequence_cluster_candidate,diagnostic_only_until_group_balance_reviewed,r02a_sequence_cluster_hard_split,sensplus,PILOT_R02A_sequence_cluster_hard_split_assignments.csv
POSR01_0839,EVPKA,5,1,positive_core,2,P02ACL_0144,1,1,0,no,exact + provided same-length identity80 + substring-containment connected components,P02_sequence_cluster_candidate,diagnostic_only_until_group_balance_reviewed,r02a_sequence_cluster_hard_split,sensplus,PILOT_R02A_sequence_cluster_hard_split_assignments.csv
POSR01_0860,LKKISQ,6,1,positive_core,2,P02ACL_0148,1,1,0,no,exact + provided same-length identity80 + substring-containment connected components,P02_sequence_cluster_candidate,diagnostic_only_until_group_balance_reviewed,r02a_sequence_cluster_hard_split,sensplus,PILOT_R02A_sequence_cluster_hard_split_assignments.csv
POSR01_0881,VQVTSTAV,8,1,positive_core,2,P02ACL_0152,1,1,0,no,exact + provided same-length identity80 + substring-containment connected components,P02_sequence_cluster_candidate,diagnostic_only_until_group_balance_reviewed,r02a_sequence_cluster_hard_split,sensplus,PILOT_R02A_sequence_cluster_hard_split_assignments.csv
NEGR01_0005,IPAVFKIDA,9,0,negative_core,3,P02ACL_0003,3,0,3,no,exact + provided same-length identity80 + substring-containment connected components,P02_sequence_cluster_candidate,diagnostic_only_until_group_balance_reviewed,r02a_sequence_cluster_hard_split,sensplus,PILOT_R02A_sequence_cluster_hard_split_assignments.csv
NEGR01_0006,IPAVF,5,0,negative_core,3,P02ACL_0003,3,0,3,no,exact + provided same-length identity80 + substring-containment connected components,P02_sequence_cluster_candidate,diagnostic_only_until_group_balance_reviewed,r02a_sequence_cluster_hard_split,sensplus,PILOT_R02A_sequence_cluster_hard_split_assignments.csv
NEGR01_0024,IPAV,4,0,negative_core,3,P02ACL_0003,3,0,3,no,exact + provided same-length identity80 + substring-containment connected components,P02_sequence_cluster_candidate,diagnostic_only_until_group_balance_reviewed,r02a_sequence_cluster_hard_split,sensplus,PILOT_R02A_sequence_cluster_hard_split_assignments.csv
NEGR01_0021,DQWL,4,0,negative_core,3,P02ACL_0006,2,0,2,no,exact + provided same-length identity80 + substring-containment connected components,P02_sequence_cluster_candidate,diagnostic_only_until_group_balance_reviewed,r02a_sequence_cluster_hard_split,sensplus,PILOT_R02A_sequence_cluster_hard_split_assignments.csv
NEGR01_0025,LDQWLCEK,8,0,negative_core,3,P02ACL_0006,2,0,2,no,exact + provided same-length identity80 + substring-containment connected components,P02_sequence_cluster_candidate,diagnostic_only_until_group_balance_reviewed,r02a_sequence_cluster_hard_split,sensplus,PILOT_R02A_sequence_cluster_hard_split_assignments.csv
NEGR01_0009,YIPIQYVLSR,10,0,negative_core,3,P02ACL_0010,1,0,1,no,exact + provided same-length identity80 + substring-containment connected components,P02_sequence_cluster_candidate,diagnostic_only_until_group_balance_reviewed,r02a_sequence_cluster_hard_split,sensplus,PILOT_R02A_sequence_cluster_hard_split_assignments.csv
NEGR01_0020,KVLPVPQ,7,0,negative_core,3,P02ACL_0014,1,0,1,no,exact + provided same-length identity80 + substring-containment connected components,P02_sequence_cluster_candidate,diagnostic_only_until_group_balance_reviewed,r02a_sequence_cluster_hard_split,sensplus,PILOT_R02A_sequence_cluster_hard_split_assignments.csv
NEGR01_0029,MAIPPKKNQDK,11,0,negative_core,3,P02ACL_0018,1,0,1,no,exact + provided same-length identity80 + substring-containment connected components,P02_sequence_cluster_candidate,diagnostic_only_until_group_balance_reviewed,r02a_sequence_cluster_hard_split,sensplus,PILOT_R02A_sequence_cluster_hard_split_assignments.csv
POSR01_0002,ADHP,4,1,positive_core,3,P02ACL_0022,2,2,0,no,exact + provided same-length identity80 + substring-containment connected components,P02_sequence_cluster_candidate,diagnostic_only_until_group_balance_reviewed,r02a_sequence_cluster_hard_split,sensplus,PILOT_R02A_sequence_cluster_hard_split_assignments.csv
POSR01_0392,RADHPFL,7,1,positive_core,3,P02ACL_0022,2,2,0,no,exact + provided same-length identity80 + substring-containment connected components,P02_sequence_cluster_candidate,diagnostic_only_until_group_balance_reviewed,r02a_sequence_cluster_hard_split,sensplus,PILOT_R02A_sequence_cluster_hard_split_assignments.csv
POSR01_0113,AGWNI,5,1,positive_core,3,P02ACL_0024,2,2,0,no,exact + provided same-length identity80 + substring-containment connected components,P02_sequence_cluster_candidate,diagnostic_only_until_group_balance_reviewed,r02a_sequence_cluster_hard_split,sensplus,PILOT_R02A_sequence_cluster_hard_split_assignments.csv
POSR01_0247,AGWNIP,6,1,positive_core,3,P02ACL_0024,2,2,0,no,exact + provided same-length identity80 + substring-containment connected components,P02_sequence_cluster_candidate,diagnostic_only_until_group_balance_reviewed,r02a_sequence_cluster_hard_split,sensplus,PILOT_R02A_sequence_cluster_hard_split_assignments.csv
POSR01_0011,DHHK,4,1,positive_core,3,P02ACL_0029,1,1,0,no,exact + provided same-length identity80 + substring-containment connected components,P02_sequence_cluster_candidate,diagnostic_only_until_group_balance_reviewed,r02a_sequence_cluster_hard_split,sensplus,PILOT_R02A_sequence_cluster_hard_split_assignments.csv
POSR01_0035,GGRP,4,1,positive_core,3,P02ACL_0033,1,1,0,no,exact + provided same-length identity80 + substring-containment connected components,P02_sequence_cluster_candidate,diagnostic_only_until_group_balance_reviewed,r02a_sequence_cluster_hard_split,sensplus,PILOT_R02A_sequence_cluster_hard_split_assignments.csv
POSR01_0046,LARL,4,1,positive_core,3,P02ACL_0037,1,1,0,no,exact + provided same-length identity80 + substring-containment connected components,P02_sequence_cluster_candidate,diagnostic_only_until_group_balance_reviewed,r02a_sequence_cluster_hard_split,sensplus,PILOT_R02A_sequence_cluster_hard_split_assignments.csv
POSR01_0066,QFAW,4,1,positive_core,3,P02ACL_0041,1,1,0,no,exact + provided same-length identity80 + substring-containment connected components,P02_sequence_cluster_candidate,diagnostic_only_until_group_balance_reviewed,r02a_sequence_cluster_hard_split,sensplus,PILOT_R02A_sequence_cluster_hard_split_assignments.csv
POSR01_0090,WYSL,4,1,positive_core,3,P02ACL_0045,1,1,0,no,exact + provided same-length identity80 + substring-containment connected components,P02_sequence_cluster_candidate,diagnostic_only_until_group_balance_reviewed,r02a_sequence_cluster_hard_split,sensplus,PILOT_R02A_sequence_cluster_hard_split_assignments.csv
POSR01_0110,YVPR,4,1,positive_core,3,P02ACL_0049,1,1,0,no,exact + provided same-length identity80 + substring-containment connected components,P02_sequence_cluster_candidate,diagnostic_only_until_group_balance_reviewed,r02a_sequence_cluster_hard_split,sensplus,PILOT_R02A_sequence_cluster_hard_split_assignments.csv
POSR01_0132,FVAGK,5,1,positive_core,3,P02ACL_0053,1,1,0,no,exact + provided same-length identity80 + substring-containment connected components,P02_sequence_cluster_candidate,diagnostic_only_until_group_balance_reviewed,r02a_sequence_cluster_hard_split,sensplus,PILOT_R02A_sequence_cluster_hard_split_assignments.csv
POSR01_0141,GVPLT,5,1,positive_core,3,P02ACL_0057,1,1,0,no,exact + provided same-length identity80 + substring-containment connected components,P02_sequence_cluster_candidate,diagnostic_only_until_group_balance_reviewed,r02a_sequence_cluster_hard_split,sensplus,PILOT_R02A_sequence_cluster_hard_split_assignments.csv
POSR01_0155,KDVPP,5,1,positive_core,3,P02ACL_0061,1,1,0,no,exact + provided same-length identity80 + substring-containment connected components,P02_sequence_cluster_candidate,diagnostic_only_until_group_balance_reviewed,r02a_sequence_cluster_hard_split,sensplus,PILOT_R02A_sequence_cluster_hard_split_assignments.csv
POSR01_0187,QIESW,5,1,positive_core,3,P02ACL_0065,1,1,0,no,exact + provided same-length identity80 + substring-containment connected components,P02_sequence_cluster_candidate,diagnostic_only_until_group_balance_reviewed,r02a_sequence_cluster_hard_split,sensplus,PILOT_R02A_sequence_cluster_hard_split_assignments.csv
POSR01_0230,YGGFL,5,1,positive_core,3,P02ACL_0069,1,1,0,no,exact + provided same-length identity80 + substring-containment connected components,P02_sequence_cluster_candidate,diagnostic_only_until_group_balance_reviewed,r02a_sequence_cluster_hard_split,sensplus,PILOT_R02A_sequence_cluster_hard_split_assignments.csv
POSR01_0264,FPWLLS,6,1,positive_core,3,P02ACL_0073,1,1,0,no,exact + provided same-length identity80 + substring-containment connected components,P02_sequence_cluster_candidate,diagnostic_only_until_group_balance_reviewed,r02a_sequence_cluster_hard_split,sensplus,PILOT_R02A_sequence_cluster_hard_split_assignments.csv
POSR01_0306,PPHMLP,6,1,positive_core,3,P02ACL_0077,1,1,0,no,exact + provided same-length identity80 + substring-containment connected components,P02_sequence_cluster_candidate,diagnostic_only_until_group_balance_reviewed,r02a_sequence_cluster_hard_split,sensplus,PILOT_R02A_sequence_cluster_hard_split_assignments.csv
POSR01_0331,VPLSPT,6,1,positive_core,3,P02ACL_0081,1,1,0,no,exact + provided same-length identity80 + substring-containment connected components,P02_sequence_cluster_candidate,diagnostic_only_until_group_balance_reviewed,r02a_sequence_cluster_hard_split,sensplus,PILOT_R02A_sequence_cluster_hard_split_assignments.csv
POSR01_0410,VVALALI,7,1,positive_core,3,P02ACL_0085,1,1,0,no,exact + provided same-length identity80 + substring-containment connected components,P02_sequence_cluster_candidate,diagnostic_only_until_group_balance_reviewed,r02a_sequence_cluster_hard_split,sensplus,PILOT_R02A_sequence_cluster_hard_split_assignments.csv
POSR01_0447,HVRETALV,8,1,positive_core,3,P02ACL_0089,1,1,0,no,exact + provided same-length identity80 + substring-containment connected components,P02_sequence_cluster_candidate,diagnostic_only_until_group_balance_reviewed,r02a_sequence_cluster_hard_split,sensplus,PILOT_R02A_sequence_cluster_hard_split_assignments.csv
POSR01_0464,PSHDAHPE,8,1,positive_core,3,P02ACL_0093,1,1,0,no,exact + provided same-length identity80 + substring-containment connected components,P02_sequence_cluster_candidate,diagnostic_only_until_group_balance_reviewed,r02a_sequence_cluster_hard_split,sensplus,PILOT_R02A_sequence_cluster_hard_split_assignments.csv
POSR01_0481,VKEAMAPK,8,1,positive_core,3,P02ACL_0097,1,1,0,no,exact + provided same-length identity80 + substring-containment connected components,P02_sequence_cluster_candidate,diagnostic_only_until_group_balance_reviewed,r02a_sequence_cluster_hard_split,sensplus,PILOT_R02A_sequence_cluster_hard_split_assignments.csv
POSR01_0524,PFPEVFGKE,9,1,positive_core,3,P02ACL_0101,1,1,0,no,exact + provided same-length identity80 + substring-containment connected components,P02_sequence_cluster_candidate,diagnostic_only_until_group_balance_reviewed,r02a_sequence_cluster_hard_split,sensplus,PILOT_R02A_sequence_cluster_hard_split_assignments.csv
POSR01_0553,AWEEREQGSR,10,1,positive_core,3,P02ACL_0105,1,1,0,no,exact + provided same-length identity80 + substring-containment connected components,P02_sequence_cluster_candidate,diagnostic_only_until_group_balance_reviewed,r02a_sequence_cluster_hard_split,sensplus,PILOT_R02A_sequence_cluster_hard_split_assignments.csv
POSR01_0577,MYVVELMMSF,10,1,positive_core,3,P02ACL_0109,1,1,0,no,exact + provided same-length identity80 + substring-containment connected components,P02_sequence_cluster_candidate,diagnostic_only_until_group_balance_reviewed,r02a_sequence_cluster_hard_split,sensplus,PILOT_R02A_sequence_cluster_hard_split_assignments.csv
POSR01_0593,SDITRPGGNM,10,1,positive_core,3,P02ACL_0113,1,1,0,no,exact + provided same-length identity80 + substring-containment connected components,P02_sequence_cluster_candidate,diagnostic_only_until_group_balance_reviewed,r02a_sequence_cluster_hard_split,sensplus,PILOT_R02A_sequence_cluster_hard_split_assignments.csv
POSR01_0618,EDELQDKIHPF,11,1,positive_core,3,P02ACL_0117,1,1,0,no,exact + provided same-length identity80 + substring-containment connected components,P02_sequence_cluster_candidate,diagnostic_only_until_group_balance_reviewed,r02a_sequence_cluster_hard_split,sensplus,PILOT_R02A_sequence_cluster_hard_split_assignments.csv
POSR01_0664,AGEQGFEYVTFR,12,1,positive_core,3,P02ACL_0121,1,1,0,no,exact + provided same-length identity80 + substring-containment connected components,P02_sequence_cluster_candidate,diagnostic_only_until_group_balance_reviewed,r02a_sequence_cluster_hard_split,sensplus,PILOT_R02A_sequence_cluster_hard_split_assignments.csv
POSR01_0696,NMAVPDALAGPL,12,1,positive_core,3,P02ACL_0125,1,1,0,no,exact + provided same-length identity80 + substring-containment connected components,P02_sequence_cluster_candidate,diagnostic_only_until_group_balance_reviewed,r02a_sequence_cluster_hard_split,sensplus,PILOT_R02A_sequence_cluster_hard_split_assignments.csv
POSR01_0741,SMLGDGTLPPDLA,13,1,positive_core,3,P02ACL_0129,1,1,0,no,exact + provided same-length identity80 + substring-containment connected components,P02_sequence_cluster_candidate,diagnostic_only_until_group_balance_reviewed,r02a_sequence_cluster_hard_split,sensplus,PILOT_R02A_sequence_cluster_hard_split_assignments.csv
POSR01_0781,AIEWEGIESGSVEQA,15,1,positive_core,3,P02ACL_0133,1,1,0,no,exact + provided same-length identity80 + substring-containment connected components,P02_sequence_cluster_candidate,diagnostic_only_until_group_balance_reviewed,r02a_sequence_cluster_hard_split,sensplus,PILOT_R02A_sequence_cluster_hard_split_assignments.csv
POSR01_0804,IHKAGGGGGGGGGGGK,16,1,positive_core,3,P02ACL_0137,1,1,0,no,exact + provided same-length identity80 + substring-containment connected components,P02_sequence_cluster_candidate,diagnostic_only_until_group_balance_reviewed,r02a_sequence_cluster_hard_split,sensplus,PILOT_R02A_sequence_cluster_hard_split_assignments.csv
POSR01_0825,EFIQ,4,1,positive_core,3,P02ACL_0141,1,1,0,no,exact + provided same-length identity80 + substring-containment connected components,P02_sequence_cluster_candidate,diagnostic_only_until_group_balance_reviewed,r02a_sequence_cluster_hard_split,sensplus,PILOT_R02A_sequence_cluster_hard_split_assignments.csv
POSR01_0842,IEEAF,5,1,positive_core,3,P02ACL_0145,1,1,0,no,exact + provided same-length identity80 + substring-containment connected components,P02_sequence_cluster_candidate,diagnostic_only_until_group_balance_reviewed,r02a_sequence_cluster_hard_split,sensplus,PILOT_R02A_sequence_cluster_hard_split_assignments.csv
POSR01_0862,RDILNQ,6,1,positive_core,3,P02ACL_0149,1,1,0,no,exact + provided same-length identity80 + substring-containment connected components,P02_sequence_cluster_candidate,diagnostic_only_until_group_balance_reviewed,r02a_sequence_cluster_hard_split,sensplus,PILOT_R02A_sequence_cluster_hard_split_assignments.csv
POSR01_0882,YMVSAIWG,8,1,positive_core,3,P02ACL_0153,1,1,0,no,exact + provided same-length identity80 + substring-containment connected components,P02_sequence_cluster_candidate,diagnostic_only_until_group_balance_reviewed,r02a_sequence_cluster_hard_split,sensplus,PILOT_R02A_sequence_cluster_hard_split_assignments.csv
NEGR01_0010,YPFPG,5,0,negative_core,4,P02ACL_0004,3,0,3,no,exact + provided same-length identity80 + substring-containment connected components,P02_sequence_cluster_candidate,diagnostic_only_until_group_balance_reviewed,r02a_sequence_cluster_hard_split,sensplus,PILOT_R02A_sequence_cluster_hard_split_assignments.csv
NEGR01_0011,YPFPGP,6,0,negative_core,4,P02ACL_0004,3,0,3,no,exact + provided same-length identity80 + substring-containment connected components,P02_sequence_cluster_candidate,diagnostic_only_until_group_balance_reviewed,r02a_sequence_cluster_hard_split,sensplus,PILOT_R02A_sequence_cluster_hard_split_assignments.csv
NEGR01_0012,YPFP,4,0,negative_core,4,P02ACL_0004,3,0,3,no,exact + provided same-length identity80 + substring-containment connected components,P02_sequence_cluster_candidate,diagnostic_only_until_group_balance_reviewed,r02a_sequence_cluster_hard_split,sensplus,PILOT_R02A_sequence_cluster_hard_split_assignments.csv
NEGR01_0013,RYLGYL,6,0,negative_core,4,P02ACL_0007,3,2,1,yes,exact + provided same-length identity80 + substring-containment connected components,P02_sequence_cluster_candidate,diagnostic_only_until_group_balance_reviewed,r02a_sequence_cluster_hard_split,sensplus,PILOT_R02A_sequence_cluster_hard_split_assignments.csv
POSR01_0098,YLGY,4,1,positive_core,4,P02ACL_0007,3,2,1,yes,exact + provided same-length identity80 + substring-containment connected components,P02_sequence_cluster_candidate,diagnostic_only_until_group_balance_reviewed,r02a_sequence_cluster_hard_split,sensplus,PILOT_R02A_sequence_cluster_hard_split_assignments.csv
POSR01_0196,RYLGY,5,1,positive_core,4,P02ACL_0007,3,2,1,yes,exact + provided same-length identity80 + substring-containment connected components,P02_sequence_cluster_candidate,diagnostic_only_until_group_balance_reviewed,r02a_sequence_cluster_hard_split,sensplus,PILOT_R02A_sequence_cluster_hard_split_assignments.csv
NEGR01_0007,YLGSRY,6,0,negative_core,4,P02ACL_0008,1,0,1,no,exact + provided same-length identity80 + substring-containment connected components,P02_sequence_cluster_candidate,diagnostic_only_until_group_balance_reviewed,r02a_sequence_cluster_hard_split,sensplus,PILOT_R02A_sequence_cluster_hard_split_assignments.csv
NEGR01_0015,DYKKY,5,0,negative_core,4,P02ACL_0012,1,0,1,no,exact + provided same-length identity80 + substring-containment connected components,P02_sequence_cluster_candidate,diagnostic_only_until_group_balance_reviewed,r02a_sequence_cluster_hard_split,sensplus,PILOT_R02A_sequence_cluster_hard_split_assignments.csv
NEGR01_0027,WMHQPHQPLPPT,12,0,negative_core,4,P02ACL_0016,1,0,1,no,exact + provided same-length identity80 + substring-containment connected components,P02_sequence_cluster_candidate,diagnostic_only_until_group_balance_reviewed,r02a_sequence_cluster_hard_split,sensplus,PILOT_R02A_sequence_cluster_hard_split_assignments.csv
SENSR01_0003,IQKVAGTW,8,0,negative_sensitivity,4,P02ACL_0020,1,0,1,no,exact + provided same-length identity80 + substring-containment connected components,P02_sequence_cluster_candidate,diagnostic_only_until_group_balance_reviewed,r02a_sequence_cluster_hard_split,sensplus,PILOT_R02A_sequence_cluster_hard_split_assignments.csv
POSR01_0165,LQGMP,5,1,positive_core,4,P02ACL_0025,2,2,0,no,exact + provided same-length identity80 + substring-containment connected components,P02_sequence_cluster_candidate,diagnostic_only_until_group_balance_reviewed,r02a_sequence_cluster_hard_split,sensplus,PILOT_R02A_sequence_cluster_hard_split_assignments.csv
POSR01_0683,GTPGLQGMPGER,12,1,positive_core,4,P02ACL_0025,2,2,0,no,exact + provided same-length identity80 + substring-containment connected components,P02_sequence_cluster_candidate,diagnostic_only_until_group_balance_reviewed,r02a_sequence_cluster_hard_split,sensplus,PILOT_R02A_sequence_cluster_hard_split_assignments.csv
POSR01_0015,DYDD,4,1,positive_core,4,P02ACL_0030,1,1,0,no,exact + provided same-length identity80 + substring-containment connected components,P02_sequence_cluster_candidate,diagnostic_only_until_group_balance_reviewed,r02a_sequence_cluster_hard_split,sensplus,PILOT_R02A_sequence_cluster_hard_split_assignments.csv
POSR01_0036,GTQY,4,1,positive_core,4,P02ACL_0034,1,1,0,no,exact + provided same-length identity80 + substring-containment connected components,P02_sequence_cluster_candidate,diagnostic_only_until_group_balance_reviewed,r02a_sequence_cluster_hard_split,sensplus,PILOT_R02A_sequence_cluster_hard_split_assignments.csv
POSR01_0054,MMGW,4,1,positive_core,4,P02ACL_0038,1,1,0,no,exact + provided same-length identity80 + substring-containment connected components,P02_sequence_cluster_candidate,diagnostic_only_until_group_balance_reviewed,r02a_sequence_cluster_hard_split,sensplus,PILOT_R02A_sequence_cluster_hard_split_assignments.csv
POSR01_0067,QGAR,4,1,positive_core,4,P02ACL_0042,1,1,0,no,exact + provided same-length identity80 + substring-containment connected components,P02_sequence_cluster_candidate,diagnostic_only_until_group_balance_reviewed,r02a_sequence_cluster_hard_split,sensplus,PILOT_R02A_sequence_cluster_hard_split_assignments.csv
POSR01_0091,YAKP,4,1,positive_core,4,P02ACL_0046,1,1,0,no,exact + provided same-length identity80 + substring-containment connected components,P02_sequence_cluster_candidate,diagnostic_only_until_group_balance_reviewed,r02a_sequence_cluster_hard_split,sensplus,PILOT_R02A_sequence_cluster_hard_split_assignments.csv
POSR01_0114,ALGGA,5,1,positive_core,4,P02ACL_0050,1,1,0,no,exact + provided same-length identity80 + substring-containment connected components,P02_sequence_cluster_candidate,diagnostic_only_until_group_balance_reviewed,r02a_sequence_cluster_hard_split,sensplus,PILOT_R02A_sequence_cluster_hard_split_assignments.csv
POSR01_0136,GDMNP,5,1,positive_core,4,P02ACL_0054,1,1,0,no,exact + provided same-length identity80 + substring-containment connected components,P02_sequence_cluster_candidate,diagnostic_only_until_group_balance_reviewed,r02a_sequence_cluster_hard_split,sensplus,PILOT_R02A_sequence_cluster_hard_split_assignments.csv
POSR01_0146,IDLAY,5,1,positive_core,4,P02ACL_0058,1,1,0,no,exact + provided same-length identity80 + substring-containment connected components,P02_sequence_cluster_candidate,diagnostic_only_until_group_balance_reviewed,r02a_sequence_cluster_hard_split,sensplus,PILOT_R02A_sequence_cluster_hard_split_assignments.csv
POSR01_0163,LPILR,5,1,positive_core,4,P02ACL_0062,1,1,0,no,exact + provided same-length identity80 + substring-containment connected components,P02_sequence_cluster_candidate,diagnostic_only_until_group_balance_reviewed,r02a_sequence_cluster_hard_split,sensplus,PILOT_R02A_sequence_cluster_hard_split_assignments.csv
POSR01_0198,SALAM,5,1,positive_core,4,P02ACL_0066,1,1,0,no,exact + provided same-length identity80 + substring-containment connected components,P02_sequence_cluster_candidate,diagnostic_only_until_group_balance_reviewed,r02a_sequence_cluster_hard_split,sensplus,PILOT_R02A_sequence_cluster_hard_split_assignments.csv
POSR01_0252,DHPFLF,6,1,positive_core,4,P02ACL_0070,1,1,0,no,exact + provided same-length identity80 + substring-containment connected components,P02_sequence_cluster_candidate,diagnostic_only_until_group_balance_reviewed,r02a_sequence_cluster_hard_split,sensplus,PILOT_R02A_sequence_cluster_hard_split_assignments.csv
POSR01_0271,GPAGDY,6,1,positive_core,4,P02ACL_0074,1,1,0,no,exact + provided same-length identity80 + substring-containment connected components,P02_sequence_cluster_candidate,diagnostic_only_until_group_balance_reviewed,r02a_sequence_cluster_hard_split,sensplus,PILOT_R02A_sequence_cluster_hard_split_assignments.csv
POSR01_0321,SSGFTY,6,1,positive_core,4,P02ACL_0078,1,1,0,no,exact + provided same-length identity80 + substring-containment connected components,P02_sequence_cluster_candidate,diagnostic_only_until_group_balance_reviewed,r02a_sequence_cluster_hard_split,sensplus,PILOT_R02A_sequence_cluster_hard_split_assignments.csv
POSR01_0377,KVEGDLK,7,1,positive_core,4,P02ACL_0082,1,1,0,no,exact + provided same-length identity80 + substring-containment connected components,P02_sequence_cluster_candidate,diagnostic_only_until_group_balance_reviewed,r02a_sequence_cluster_hard_split,sensplus,PILOT_R02A_sequence_cluster_hard_split_assignments.csv
POSR01_0427,AIRQGDVF,8,1,positive_core,4,P02ACL_0086,1,1,0,no,exact + provided same-length identity80 + substring-containment connected components,P02_sequence_cluster_candidate,diagnostic_only_until_group_balance_reviewed,r02a_sequence_cluster_hard_split,sensplus,PILOT_R02A_sequence_cluster_hard_split_assignments.csv
POSR01_0454,MFAEWQPR,8,1,positive_core,4,P02ACL_0090,1,1,0,no,exact + provided same-length identity80 + substring-containment connected components,P02_sequence_cluster_candidate,diagnostic_only_until_group_balance_reviewed,r02a_sequence_cluster_hard_split,sensplus,PILOT_R02A_sequence_cluster_hard_split_assignments.csv
POSR01_0468,RDRHQKIG,8,1,positive_core,4,P02ACL_0094,1,1,0,no,exact + provided same-length identity80 + substring-containment connected components,P02_sequence_cluster_candidate,diagnostic_only_until_group_balance_reviewed,r02a_sequence_cluster_hard_split,sensplus,PILOT_R02A_sequence_cluster_hard_split_assignments.csv
POSR01_0490,YWVTSGPK,8,1,positive_core,4,P02ACL_0098,1,1,0,no,exact + provided same-length identity80 + substring-containment connected components,P02_sequence_cluster_candidate,diagnostic_only_until_group_balance_reviewed,r02a_sequence_cluster_hard_split,sensplus,PILOT_R02A_sequence_cluster_hard_split_assignments.csv
POSR01_0527,SALLRSIPA,9,1,positive_core,4,P02ACL_0102,1,1,0,no,exact + provided same-length identity80 + substring-containment connected components,P02_sequence_cluster_candidate,diagnostic_only_until_group_balance_reviewed,r02a_sequence_cluster_hard_split,sensplus,PILOT_R02A_sequence_cluster_hard_split_assignments.csv
POSR01_0559,DRVYIHPFHL,10,1,positive_core,4,P02ACL_0106,1,1,0,no,exact + provided same-length identity80 + substring-containment connected components,P02_sequence_cluster_candidate,diagnostic_only_until_group_balance_reviewed,r02a_sequence_cluster_hard_split,sensplus,PILOT_R02A_sequence_cluster_hard_split_assignments.csv
POSR01_0587,QKPFPQQPPF,10,1,positive_core,4,P02ACL_0110,1,1,0,no,exact + provided same-length identity80 + substring-containment connected components,P02_sequence_cluster_candidate,diagnostic_only_until_group_balance_reviewed,r02a_sequence_cluster_hard_split,sensplus,PILOT_R02A_sequence_cluster_hard_split_assignments.csv
POSR01_0597,TMAEYHHQDQ,10,1,positive_core,4,P02ACL_0114,1,1,0,no,exact + provided same-length identity80 + substring-containment connected components,P02_sequence_cluster_candidate,diagnostic_only_until_group_balance_reviewed,r02a_sequence_cluster_hard_split,sensplus,PILOT_R02A_sequence_cluster_hard_split_assignments.csv
POSR01_0653,VVYFDQTQAQA,11,1,positive_core,4,P02ACL_0118,1,1,0,no,exact + provided same-length identity80 + substring-containment connected components,P02_sequence_cluster_candidate,diagnostic_only_until_group_balance_reviewed,r02a_sequence_cluster_hard_split,sensplus,PILOT_R02A_sequence_cluster_hard_split_assignments.csv
POSR01_0666,AQQQEQAQQQEQ,12,1,positive_core,4,P02ACL_0122,1,1,0,no,exact + provided same-length identity80 + substring-containment connected components,P02_sequence_cluster_candidate,diagnostic_only_until_group_balance_reviewed,r02a_sequence_cluster_hard_split,sensplus,PILOT_R02A_sequence_cluster_hard_split_assignments.csv
POSR01_0699,TWYFITPYIPDK,12,1,positive_core,4,P02ACL_0126,1,1,0,no,exact + provided same-length identity80 + substring-containment connected components,P02_sequence_cluster_candidate,diagnostic_only_until_group_balance_reviewed,r02a_sequence_cluster_hard_split,sensplus,PILOT_R02A_sequence_cluster_hard_split_assignments.csv
POSR01_0762,GKHQQEEENEGGSI,14,1,positive_core,4,P02ACL_0130,1,1,0,no,exact + provided same-length identity80 + substring-containment connected components,P02_sequence_cluster_candidate,diagnostic_only_until_group_balance_reviewed,r02a_sequence_cluster_hard_split,sensplus,PILOT_R02A_sequence_cluster_hard_split_assignments.csv
POSR01_0786,GPLGLLGFLGPLGLS,15,1,positive_core,4,P02ACL_0134,1,1,0,no,exact + provided same-length identity80 + substring-containment connected components,P02_sequence_cluster_candidate,diagnostic_only_until_group_balance_reviewed,r02a_sequence_cluster_hard_split,sensplus,PILOT_R02A_sequence_cluster_hard_split_assignments.csv
POSR01_0807,LQSGDALRVPSGTTYY,16,1,positive_core,4,P02ACL_0138,1,1,0,no,exact + provided same-length identity80 + substring-containment connected components,P02_sequence_cluster_candidate,diagnostic_only_until_group_balance_reviewed,r02a_sequence_cluster_hard_split,sensplus,PILOT_R02A_sequence_cluster_hard_split_assignments.csv
POSR01_0827,EFQI,4,1,positive_core,4,P02ACL_0142,1,1,0,no,exact + provided same-length identity80 + substring-containment connected components,P02_sequence_cluster_candidate,diagnostic_only_until_group_balance_reviewed,r02a_sequence_cluster_hard_split,sensplus,PILOT_R02A_sequence_cluster_hard_split_assignments.csv
POSR01_0847,LLNPT,5,1,positive_core,4,P02ACL_0146,1,1,0,no,exact + provided same-length identity80 + substring-containment connected components,P02_sequence_cluster_candidate,diagnostic_only_until_group_balance_reviewed,r02a_sequence_cluster_hard_split,sensplus,PILOT_R02A_sequence_cluster_hard_split_assignments.csv
POSR01_0867,DAQEKLE,7,1,positive_core,4,P02ACL_0150,1,1,0,no,exact + provided same-length identity80 + substring-containment connected components,P02_sequence_cluster_candidate,diagnostic_only_until_group_balance_reviewed,r02a_sequence_cluster_hard_split,sensplus,PILOT_R02A_sequence_cluster_hard_split_assignments.csv
POSR01_0894,VPSIDDQEELM,11,1,positive_core,4,P02ACL_0154,1,1,0,no,exact + provided same-length identity80 + substring-containment connected components,P02_sequence_cluster_candidate,diagnostic_only_until_group_balance_reviewed,r02a_sequence_cluster_hard_split,sensplus,PILOT_R02A_sequence_cluster_hard_split_assignments.csv
